id_estudiante,nombre,apellido,genero,edad,ciudad,jornada,nivel,matematica,lenguaje,ciencias,historia,ingles,educacion_fisica,promedio_general,asistencia_pct,clases_asistidas,clases_faltadas,aprobado
1,Cristian,López Romero,M,18,Quito,Matutina,Primero,16.0,17.5,16.7,16.4,14.7,15.5,16.13,89.7,161,19,Sí
2,Juan,Medina Reyes,M,17,Manta,Matutina,Primero,18.3,17.3,17.9,18.1,18.0,16.9,17.75,94.0,169,11,Sí
3,Alejandro,López Castillo,M,17,Esmeraldas,Vespertina,Tercero,10.4,10.9,9.3,9.0,12.4,11.0,10.5,83.7,151,29,No
4,Carolina,Hernández Morales,F,17,Ambato,Vespertina,Tercero,13.8,11.8,11.8,12.2,11.9,12.5,12.33,69.3,125,55,No
5,Mateo,Soto Vega,M,15,Ambato,Matutina,Segundo,18.8,19.7,20.0,18.9,18.8,19.4,19.27,80.4,145,35,Sí
6,Camila,Ramírez González,F,16,Ibarra,Vespertina,Tercero,11.8,13.0,13.5,15.0,15.3,15.0,13.93,86.5,156,24,No
7,Miguel,Ortiz Hernández,M,18,Esmeraldas,Matutina,Segundo,11.5,17.4,11.5,14.3,14.3,15.3,14.05,83.4,150,30,Sí
8,Natalia,Rodríguez Flores,F,18,Cuenca,Vespertina,Primero,12.6,9.9,10.4,12.2,11.2,13.7,11.67,85.0,153,27,No
9,Miguel,Morales Vega,M,16,Ibarra,Matutina,Tercero,12.4,13.0,14.9,11.9,12.8,12.6,12.93,94.9,171,9,No
10,Andrés,Aguilar Cruz,M,15,Ibarra,Matutina,Primero,14.3,13.7,16.8,17.6,13.2,14.9,15.08,95.7,172,8,Sí
11,Jorge,Jiménez Herrera,M,17,Santo Domingo,Vespertina,Primero,12.2,12.9,13.9,12.9,11.9,13.1,12.82,82.7,149,31,No
12,Luis,Ramos Díaz,M,15,Ibarra,Matutina,Segundo,12.8,12.7,15.3,15.7,11.7,13.6,13.63,86.8,156,24,No
13,Diego,Rodríguez Herrera,M,18,Loja,Vespertina,Segundo,7.7,10.3,8.2,7.0,10.4,11.3,9.15,71.4,129,51,No
14,Sebastián,Pérez Castillo,M,18,Cuenca,Vespertina,Primero,18.0,19.4,19.6,18.1,19.0,18.0,18.68,100.0,180,0,Sí
15,Andrés,Mora Vega,M,16,Cuenca,Vespertina,Segundo,14.6,17.6,17.8,17.1,18.0,18.0,17.18,99.2,179,1,Sí
16,Andrea,Medina Aguilar,F,18,Cuenca,Matutina,Segundo,12.1,12.8,12.2,12.1,11.7,13.4,12.38,69.2,125,55,No
17,Luis,Vargas López,M,16,Guayaquil,Matutina,Tercero,15.6,14.2,16.5,14.8,14.3,15.7,15.18,94.4,170,10,Sí
18,Fernanda,Pérez Herrera,F,17,Ambato,Vespertina,Segundo,17.0,17.4,13.3,17.0,15.8,16.7,16.2,82.7,149,31,Sí
19,Andrés,Castillo Pérez,M,17,Cuenca,Vespertina,Primero,12.6,11.3,13.2,14.2,11.1,11.2,12.27,91.1,164,16,No
20,Cristian,Flores Mora,M,15,Cuenca,Vespertina,Primero,15.2,12.7,14.5,15.0,13.8,15.8,14.5,81.3,146,34,Sí
21,Fernanda,Núñez Mora,F,15,Guayaquil,Vespertina,Segundo,10.5,10.1,12.0,12.4,10.0,11.6,11.1,78.5,141,39,No
22,Andrés,Núñez Medina,M,16,Ibarra,Matutina,Segundo,10.3,10.9,11.8,12.2,12.4,10.6,11.37,89.3,161,19,No
23,Felipe,Herrera Rodríguez,M,17,Ibarra,Vespertina,Tercero,9.9,7.5,10.2,11.1,9.9,10.2,9.8,75.5,136,44,No
24,Andrea,Ríos Herrera,F,16,Manta,Matutina,Tercero,16.7,16.7,15.6,14.7,15.2,14.6,15.58,83.7,151,29,Sí
25,Felipe,García Herrera,M,16,Riobamba,Vespertina,Segundo,20.0,16.1,18.1,20.0,15.3,20.0,18.25,77.5,140,40,Sí
26,David,Hernández Romero,M,17,Quito,Matutina,Tercero,10.9,13.7,12.2,14.7,11.3,13.6,12.73,79.0,142,38,No
27,María,Vargas Mora,F,16,Loja,Vespertina,Primero,15.7,12.6,12.0,12.4,14.7,15.9,13.88,75.9,137,43,No
28,Paola,Medina Flores,F,16,Ambato,Vespertina,Tercero,15.5,13.5,15.4,13.4,13.2,16.3,14.55,90.8,163,17,Sí
29,Rebeca,Mendoza Ortiz,F,17,Santo Domingo,Vespertina,Segundo,13.4,13.0,15.0,11.6,13.7,13.3,13.33,82.1,148,32,No
30,Sofía,Soto Vega,F,16,Manta,Matutina,Primero,17.8,18.2,19.4,17.9,17.6,17.3,18.03,97.0,175,5,Sí
31,Valeria,Jiménez Torres,F,16,Quito,Matutina,Segundo,12.3,14.3,11.6,11.1,9.1,11.9,11.72,83.9,151,29,No
32,Stephanie,Castillo Mendoza,F,17,Santo Domingo,Vespertina,Tercero,14.3,15.5,16.0,14.4,14.7,13.6,14.75,84.3,152,28,Sí
33,Gabriela,Ramírez Álvarez,F,15,Manta,Matutina,Segundo,17.0,20.0,19.1,19.1,17.6,19.7,18.75,93.5,168,12,Sí
34,Mariana,Álvarez Reyes,F,15,Ambato,Vespertina,Segundo,17.8,15.9,15.9,14.8,16.4,16.4,16.2,93.9,169,11,Sí
35,Andrea,Castillo Aguilar,F,16,Santo Domingo,Matutina,Segundo,13.8,14.5,13.4,16.1,13.3,15.5,14.43,82.6,149,31,Sí
36,Alejandro,Romero Romero,M,15,Guayaquil,Vespertina,Primero,14.8,14.0,14.4,15.8,13.0,15.6,14.6,89.4,161,19,Sí
37,Fernanda,Soto López,F,18,Quito,Matutina,Segundo,12.7,13.4,13.1,13.0,13.3,13.8,13.22,88.3,159,21,No
38,Miguel,Cruz Herrera,M,15,Esmeraldas,Matutina,Segundo,10.4,9.4,12.1,13.0,10.8,11.5,11.2,87.3,157,23,No
39,Esteban,García Mora,M,17,Esmeraldas,Vespertina,Segundo,8.9,8.2,6.4,7.4,8.0,11.0,8.32,73.6,132,48,No
40,Esteban,Ríos Martínez,M,17,Ibarra,Vespertina,Tercero,16.6,18.9,16.5,20.0,17.6,18.1,17.95,99.2,179,1,Sí
41,Camila,Reyes Hernández,F,17,Esmeraldas,Vespertina,Segundo,11.3,14.2,13.1,16.0,13.2,13.7,13.58,87.7,158,22,No
42,Rebeca,Mendoza Herrera,F,18,Loja,Matutina,Segundo,13.2,12.4,13.4,15.3,11.2,15.8,13.55,82.9,149,31,No
43,Pablo,Pérez López,M,16,Riobamba,Vespertina,Tercero,12.2,10.5,11.4,11.5,12.0,12.6,11.7,83.2,150,30,No
44,Rebeca,Morales Cruz,F,17,Riobamba,Vespertina,Segundo,17.5,17.2,18.0,18.9,17.8,19.3,18.12,81.3,146,34,Sí
45,Sebastián,Pérez Aguilar,M,18,Manta,Vespertina,Primero,13.6,12.5,12.6,14.3,12.7,13.5,13.2,85.7,154,26,No
46,Camila,Ortiz Ramos,F,18,Guayaquil,Matutina,Tercero,13.9,15.9,12.8,17.4,14.0,17.6,15.27,88.6,159,21,Sí
47,Sofía,Romero Ortiz,F,15,Cuenca,Matutina,Tercero,15.1,14.7,14.8,16.6,13.0,16.4,15.1,79.0,142,38,Sí
48,Melissa,Mora Álvarez,F,17,Esmeraldas,Vespertina,Segundo,10.7,11.2,11.8,11.4,11.0,10.4,11.08,80.4,145,35,No
49,Juan,Castillo López,M,16,Quito,Vespertina,Segundo,14.5,14.1,16.2,15.7,14.3,18.4,15.53,91.2,164,16,Sí
50,Rebeca,Herrera Ríos,F,16,Riobamba,Matutina,Tercero,14.9,15.8,14.9,15.9,16.6,16.6,15.78,78.4,141,39,Sí
51,Melissa,Rodríguez Álvarez,F,17,Riobamba,Vespertina,Tercero,10.1,11.4,9.5,10.4,11.0,10.8,10.53,84.1,151,29,No
52,David,Romero Martínez,M,16,Santo Domingo,Vespertina,Segundo,15.0,16.0,13.6,13.7,15.0,15.9,14.87,81.8,147,33,Sí
53,Mateo,Reyes Medina,M,18,Manta,Vespertina,Tercero,17.7,17.6,17.4,18.3,17.4,15.8,17.37,90.2,162,18,Sí
54,Andrea,Martínez Pérez,F,17,Esmeraldas,Vespertina,Tercero,13.5,14.3,14.0,15.0,13.1,17.3,14.53,84.3,152,28,Sí
55,Juan,Flores Castillo,M,15,Ibarra,Vespertina,Primero,14.4,16.6,16.5,16.5,13.4,14.5,15.32,91.5,165,15,Sí
56,Andrea,Soto Cruz,F,18,Ambato,Vespertina,Tercero,13.6,14.1,11.7,12.5,13.2,14.5,13.27,85.6,154,26,No
57,Stephanie,Ramírez Soto,F,15,Manta,Vespertina,Tercero,7.6,8.6,10.2,8.7,7.9,10.2,8.87,77.8,140,40,No
58,Daniela,Medina Torres,F,18,Ambato,Vespertina,Primero,11.0,13.1,12.8,11.5,13.5,12.4,12.38,80.6,145,35,No
59,Miguel,Vargas Romero,M,17,Guayaquil,Vespertina,Primero,11.5,12.9,12.8,12.1,12.2,13.3,12.47,67.2,121,59,No
60,Karina,Medina Jiménez,F,15,Loja,Vespertina,Segundo,13.5,13.8,14.0,15.9,14.4,15.7,14.55,83.8,151,29,Sí
61,Andrés,Reyes Rodríguez,M,15,Santo Domingo,Matutina,Tercero,12.0,12.7,12.1,13.0,11.1,14.1,12.5,83.0,149,31,No
62,Juan,Hernández López,M,18,Esmeraldas,Matutina,Segundo,17.1,16.5,15.9,17.3,16.4,17.7,16.82,93.6,168,12,Sí
63,Andrés,Álvarez Morales,M,17,Riobamba,Vespertina,Segundo,9.4,8.6,8.1,10.3,8.9,11.5,9.47,61.4,111,69,No
64,María,Soto Herrera,F,18,Manta,Matutina,Tercero,11.8,9.2,13.2,10.5,10.2,9.2,10.68,88.5,159,21,No
65,Gabriel,Ríos Morales,M,16,Ambato,Vespertina,Tercero,11.6,9.8,11.5,11.4,12.7,13.5,11.75,91.9,165,15,No
66,Esteban,Morales Aguilar,M,16,Guayaquil,Vespertina,Segundo,15.1,14.6,16.3,16.7,16.3,15.8,15.8,97.4,175,5,Sí
67,Valeria,Ríos Flores,F,17,Guayaquil,Vespertina,Primero,13.5,14.3,13.0,10.6,14.5,12.2,13.02,85.5,154,26,No
68,María,Ramírez Castillo,F,15,Santo Domingo,Vespertina,Tercero,11.7,11.1,10.7,13.4,10.3,14.1,11.88,73.6,132,48,No
69,Karina,Torres Ortiz,F,15,Santo Domingo,Vespertina,Tercero,14.1,15.3,15.8,14.8,13.9,15.6,14.92,88.8,160,20,Sí
70,Carolina,Herrera Aguilar,F,18,Esmeraldas,Matutina,Segundo,11.8,11.5,11.2,11.7,12.6,15.9,12.45,84.0,151,29,No
71,Nicolás,Rodríguez Herrera,M,17,Ibarra,Vespertina,Primero,16.0,17.4,18.5,18.8,14.8,18.2,17.28,84.8,153,27,Sí
72,Luis,Ríos Díaz,M,16,Cuenca,Matutina,Primero,12.1,10.3,9.7,10.7,11.4,14.4,11.43,83.1,150,30,No
73,Camila,González Castillo,F,17,Cuenca,Matutina,Tercero,11.2,10.6,9.6,12.9,10.4,11.6,11.05,80.3,145,35,No
74,Stephanie,Rodríguez Aguilar,F,15,Santo Domingo,Vespertina,Segundo,14.7,15.5,12.6,15.7,17.1,16.9,15.42,92.0,166,14,Sí
75,María,Martínez Cruz,F,18,Riobamba,Matutina,Segundo,11.4,10.8,12.8,11.6,11.9,13.2,11.95,76.3,137,43,No
76,Paola,Mendoza Vargas,F,17,Santo Domingo,Vespertina,Primero,11.8,11.4,10.5,10.1,9.2,11.9,10.82,68.9,124,56,No
77,Natalia,Soto Álvarez,F,18,Riobamba,Matutina,Segundo,14.6,17.3,15.9,17.2,16.4,17.0,16.4,89.9,162,18,Sí
78,Nicolás,Ríos González,M,15,Esmeraldas,Vespertina,Tercero,13.8,14.1,12.2,11.8,14.1,12.6,13.1,91.6,165,15,No
79,Valentina,Romero Vargas,F,16,Cuenca,Vespertina,Primero,14.0,12.7,13.0,13.6,13.0,15.2,13.58,77.4,139,41,No
80,Gabriel,Mora Herrera,M,17,Quito,Matutina,Segundo,15.1,14.7,15.5,16.0,16.2,15.3,15.47,84.5,152,28,Sí
81,Andrés,Aguilar Vargas,M,16,Riobamba,Vespertina,Segundo,14.2,16.1,14.6,13.3,14.1,15.6,14.65,89.3,161,19,Sí
82,Andrés,Ramírez Álvarez,M,18,Santo Domingo,Vespertina,Segundo,14.2,16.8,15.6,15.8,13.9,17.2,15.58,78.5,141,39,Sí
83,Felipe,Jiménez Mendoza,M,15,Quito,Matutina,Segundo,16.2,13.9,14.6,13.8,15.1,16.3,14.98,83.6,150,30,Sí
84,Pablo,Castillo Soto,M,17,Guayaquil,Vespertina,Tercero,14.8,14.9,16.9,13.9,13.0,14.8,14.72,84.5,152,28,Sí
85,Alejandro,García Díaz,M,16,Esmeraldas,Vespertina,Tercero,11.9,11.5,12.2,11.2,10.0,11.7,11.42,77.0,139,41,No
86,Gabriela,Díaz Vega,F,16,Guayaquil,Matutina,Tercero,12.7,15.4,14.4,17.4,16.0,14.3,15.03,86.8,156,24,Sí
87,Juan,Mendoza González,M,15,Cuenca,Vespertina,Segundo,15.5,13.7,13.0,16.8,13.6,15.7,14.72,77.6,140,40,Sí
88,Camila,Álvarez López,F,18,Santo Domingo,Vespertina,Segundo,9.5,10.2,11.9,11.6,11.4,11.7,11.05,78.6,141,39,No
89,Gabriel,Mendoza Vargas,M,18,Santo Domingo,Matutina,Segundo,18.8,17.0,18.3,19.5,14.3,18.5,17.73,80.2,144,36,Sí
90,Sofía,Vargas Ortiz,F,16,Quito,Matutina,Tercero,14.2,16.2,14.9,15.8,14.5,17.1,15.45,82.6,149,31,Sí
91,Mateo,López Díaz,M,15,Ibarra,Vespertina,Segundo,15.2,17.9,17.0,15.4,15.3,16.6,16.23,81.4,147,33,Sí
92,Paola,González Mendoza,F,15,Manta,Vespertina,Tercero,9.8,7.4,8.3,7.7,8.9,8.4,8.42,68.1,123,57,No
93,Stephanie,Morales García,F,17,Manta,Matutina,Primero,12.3,15.4,15.6,19.1,13.8,15.2,15.23,88.5,159,21,Sí
94,Mateo,Núñez Vega,M,16,Esmeraldas,Vespertina,Primero,12.3,13.3,11.6,9.4,11.6,13.2,11.9,74.2,134,46,No
95,Fernando,Mendoza Flores,M,18,Ambato,Matutina,Segundo,18.0,15.8,16.8,16.0,15.1,15.6,16.22,78.8,142,38,Sí
96,Stephanie,Vargas Reyes,F,16,Ambato,Matutina,Segundo,16.9,16.3,13.8,18.1,15.0,15.2,15.88,89.6,161,19,Sí
97,David,Álvarez Núñez,M,16,Riobamba,Matutina,Primero,15.8,12.8,16.1,14.7,13.6,16.4,14.9,84.5,152,28,Sí
98,Carlos,Díaz Mora,M,15,Loja,Matutina,Primero,17.3,15.6,12.6,15.6,14.6,14.3,15.0,76.7,138,42,Sí
99,David,Pérez Soto,M,16,Ibarra,Vespertina,Primero,10.5,9.8,11.2,11.5,9.1,10.1,10.37,90.1,162,18,No
100,Karina,Castillo García,F,16,Cuenca,Vespertina,Segundo,16.9,16.1,15.3,16.0,14.9,15.6,15.8,78.2,141,39,Sí
101,Alejandro,Ramos Cruz,M,15,Riobamba,Vespertina,Segundo,18.7,17.9,19.8,19.6,18.2,19.3,18.92,83.6,150,30,Sí
102,Luis,Morales Castillo,M,17,Cuenca,Vespertina,Tercero,11.2,12.3,13.4,13.9,12.0,12.8,12.6,86.1,155,25,No
103,Mateo,Mora Flores,M,18,Ibarra,Vespertina,Segundo,19.9,18.9,17.9,20.0,19.7,19.7,19.35,91.5,165,15,Sí
104,Paola,Aguilar Álvarez,F,18,Loja,Matutina,Segundo,18.0,17.7,18.9,18.0,19.3,20.0,18.65,74.2,134,46,Sí
105,Cristian,Flores Díaz,M,15,Guayaquil,Vespertina,Tercero,17.1,19.0,17.5,17.2,16.0,18.9,17.62,88.5,159,21,Sí
106,Fernanda,Ortiz Ríos,F,15,Guayaquil,Vespertina,Segundo,6.6,8.7,8.9,9.3,9.4,8.1,8.5,73.9,133,47,No
107,Nicolás,Morales Jiménez,M,15,Esmeraldas,Matutina,Tercero,13.4,15.1,14.2,15.2,15.0,16.4,14.88,84.4,152,28,Sí
108,Carlos,Aguilar Hernández,M,18,Ibarra,Vespertina,Tercero,17.4,17.6,15.8,15.6,14.2,15.7,16.05,92.1,166,14,Sí
109,Andrés,Álvarez Hernández,M,18,Guayaquil,Vespertina,Tercero,13.7,14.6,11.7,13.8,14.9,13.5,13.7,92.2,166,14,No
110,Stephanie,Torres Rodríguez,F,16,Cuenca,Matutina,Segundo,13.9,13.0,11.2,14.5,10.7,12.9,12.7,87.5,158,22,No
111,Stephanie,Reyes Vega,F,18,Esmeraldas,Matutina,Primero,16.8,15.1,13.6,16.2,13.5,18.1,15.55,88.9,160,20,Sí
112,Miguel,Reyes Vargas,M,15,Guayaquil,Matutina,Segundo,11.0,11.7,10.4,9.9,12.7,10.6,11.05,83.2,150,30,No
113,Camila,Ortiz Flores,F,15,Ibarra,Matutina,Tercero,13.1,12.5,11.6,11.3,10.4,12.0,11.82,71.4,129,51,No
114,Andrés,Martínez Ortiz,M,17,Ambato,Vespertina,Tercero,11.3,11.4,11.7,12.0,13.3,12.8,12.08,85.2,153,27,No
115,Melissa,López Medina,F,15,Cuenca,Vespertina,Segundo,9.6,10.8,9.8,10.3,9.8,9.5,9.97,89.4,161,19,No
116,Nicolás,Vargas Castillo,M,15,Loja,Matutina,Segundo,9.7,10.0,9.2,9.6,10.8,9.0,9.72,65.2,117,63,No
117,Mateo,Mora Romero,M,17,Ambato,Matutina,Segundo,18.5,17.4,18.4,16.7,18.0,18.8,17.97,86.7,156,24,Sí
118,Ana,Martínez Flores,F,18,Esmeraldas,Vespertina,Segundo,12.2,14.3,12.4,16.0,14.0,13.5,13.73,80.6,145,35,No
119,Nicolás,Castillo Flores,M,15,Riobamba,Vespertina,Tercero,15.2,19.7,15.8,15.8,16.9,16.7,16.68,90.5,163,17,Sí
120,Camila,Pérez Mendoza,F,18,Ibarra,Matutina,Primero,13.7,12.6,12.5,10.9,13.1,14.9,12.95,92.3,166,14,No
121,Isabella,Jiménez Mendoza,F,17,Esmeraldas,Vespertina,Tercero,19.2,17.4,18.4,18.0,18.7,18.4,18.35,83.8,151,29,Sí
122,María,Mendoza Cruz,F,17,Esmeraldas,Matutina,Tercero,9.1,8.5,6.1,8.0,7.8,7.6,7.85,77.7,140,40,No
123,Sebastián,García Álvarez,M,17,Riobamba,Matutina,Segundo,11.9,11.5,12.9,10.2,13.5,11.9,11.98,85.0,153,27,No
124,Cristian,Díaz Herrera,M,18,Ibarra,Vespertina,Segundo,15.8,14.5,13.2,14.7,13.2,13.4,14.13,80.6,145,35,Sí
125,Karina,Cruz Pérez,F,16,Manta,Vespertina,Primero,13.1,9.0,10.4,8.6,9.2,9.6,9.98,71.3,128,52,No
126,Lucía,Rodríguez Romero,F,18,Riobamba,Vespertina,Primero,14.2,15.7,14.4,13.8,13.3,15.7,14.52,81.8,147,33,Sí
127,Mariana,Medina Ramírez,F,16,Guayaquil,Matutina,Primero,16.7,15.3,14.6,15.6,14.9,15.9,15.5,78.3,141,39,Sí
128,Carlos,Castillo Mora,M,16,Riobamba,Vespertina,Segundo,13.5,13.3,14.6,16.1,16.4,16.4,15.05,84.1,151,29,Sí
129,Juan,Reyes Núñez,M,16,Quito,Vespertina,Segundo,13.3,14.7,13.4,12.3,13.3,13.8,13.47,73.2,132,48,No
130,Lucía,Álvarez Ortiz,F,18,Cuenca,Vespertina,Segundo,10.8,11.4,11.4,12.2,10.3,12.3,11.4,80.2,144,36,No
131,Juan,Mendoza Ramos,M,18,Riobamba,Vespertina,Primero,9.2,10.2,11.2,9.9,9.5,10.5,10.08,74.3,134,46,No
132,Natalia,Flores Romero,F,15,Manta,Vespertina,Tercero,16.0,17.9,15.3,16.5,14.6,14.3,15.77,95.5,172,8,Sí
133,Jorge,Morales Mendoza,M,16,Ambato,Matutina,Segundo,12.4,13.2,10.4,11.0,9.7,11.8,11.42,72.5,130,50,No
134,Felipe,Herrera Vega,M,15,Ibarra,Vespertina,Tercero,13.0,13.0,12.9,13.5,11.6,13.7,12.95,80.4,145,35,No
135,Stephanie,Álvarez Rodríguez,F,16,Esmeraldas,Vespertina,Primero,14.4,12.9,14.2,14.1,11.8,15.2,13.77,76.3,137,43,No
136,María,Jiménez Ramírez,F,15,Ambato,Matutina,Primero,11.0,13.8,12.4,13.0,15.2,11.5,12.82,78.4,141,39,No
137,Miguel,Vega Ortiz,M,18,Loja,Vespertina,Segundo,16.1,12.7,13.3,16.1,13.4,14.1,14.28,82.3,148,32,Sí
138,Cristian,Jiménez Vargas,M,16,Ambato,Matutina,Primero,13.4,12.2,12.1,11.4,11.3,13.7,12.35,79.1,142,38,No
139,Diego,Martínez Ríos,M,18,Esmeraldas,Matutina,Primero,14.5,15.2,16.1,15.2,14.0,15.0,15.0,86.1,155,25,Sí
140,Cristian,Pérez Vega,M,15,Cuenca,Vespertina,Primero,12.2,10.0,11.0,13.4,10.8,11.5,11.48,80.2,144,36,No
141,Ricardo,Flores Ramírez,M,15,Ibarra,Matutina,Tercero,14.7,14.2,16.6,16.1,14.4,15.4,15.23,77.7,140,40,Sí
142,Camila,Flores Jiménez,F,16,Ibarra,Vespertina,Primero,14.0,12.9,13.0,11.8,14.5,13.6,13.3,91.5,165,15,No
143,Alejandro,Torres Ramírez,M,16,Loja,Matutina,Segundo,13.7,13.2,13.4,13.1,13.0,16.1,13.75,74.9,135,45,No
144,Esteban,Aguilar Herrera,M,16,Santo Domingo,Matutina,Segundo,10.1,13.7,11.3,12.2,10.6,9.9,11.3,81.3,146,34,No
145,Alejandro,Mora Torres,M,17,Manta,Vespertina,Segundo,7.4,8.5,8.6,10.4,7.7,9.5,8.68,83.7,151,29,No
146,Daniela,Morales Díaz,F,18,Quito,Matutina,Tercero,14.2,14.7,15.3,13.5,12.9,15.0,14.27,82.6,149,31,Sí
147,Daniel,Castillo Ortiz,M,17,Manta,Vespertina,Tercero,15.3,15.4,17.4,18.5,16.9,18.8,17.05,76.2,137,43,Sí
148,Pablo,Martínez Soto,M,15,Quito,Matutina,Segundo,15.5,16.0,15.2,15.2,14.5,16.7,15.52,95.2,171,9,Sí
149,Valeria,García García,F,18,Quito,Matutina,Tercero,15.1,14.2,15.2,17.2,14.7,15.1,15.25,90.4,163,17,Sí
150,Pablo,González Torres,M,16,Esmeraldas,Vespertina,Segundo,13.3,14.9,12.8,14.8,9.9,13.0,13.12,85.1,153,27,No
151,Luis,López Jiménez,M,18,Riobamba,Vespertina,Primero,16.5,16.6,20.0,19.4,16.9,17.9,17.88,100.0,180,0,Sí
152,Felipe,Pérez Núñez,M,18,Manta,Matutina,Primero,12.7,12.4,11.5,13.1,13.8,16.2,13.28,88.0,158,22,No
153,Alejandro,Mora López,M,17,Cuenca,Matutina,Tercero,14.8,13.4,15.2,14.0,14.0,14.5,14.32,95.1,171,9,Sí
154,Ana,Rodríguez Reyes,F,16,Guayaquil,Vespertina,Tercero,14.1,11.0,12.3,15.5,14.5,14.9,13.72,91.5,165,15,No
155,Mariana,Jiménez Reyes,F,16,Esmeraldas,Vespertina,Primero,14.0,13.2,14.1,14.8,13.5,16.0,14.27,86.1,155,25,Sí
156,Natalia,Morales Rodríguez,F,15,Quito,Vespertina,Segundo,12.0,13.6,13.3,13.7,10.9,14.1,12.93,82.2,148,32,No
157,Mariana,López Mendoza,F,17,Riobamba,Matutina,Segundo,12.5,15.7,14.3,13.3,15.0,15.3,14.35,76.5,138,42,Sí
158,Miguel,Ramírez Flores,M,17,Santo Domingo,Matutina,Primero,14.0,14.6,13.1,16.0,11.4,16.7,14.3,84.2,152,28,Sí
159,Fernando,Rodríguez González,M,17,Quito,Vespertina,Segundo,11.8,10.4,12.2,10.6,8.9,13.1,11.17,76.1,137,43,No
160,Natalia,Mendoza Medina,F,16,Santo Domingo,Vespertina,Primero,14.4,10.9,11.0,13.6,9.5,12.4,11.97,82.2,148,32,No
161,Carolina,Rodríguez Mora,F,16,Esmeraldas,Matutina,Tercero,16.5,16.4,16.2,14.1,16.8,19.5,16.58,90.0,162,18,Sí
162,Valeria,González Ortiz,F,17,Ambato,Vespertina,Tercero,13.9,14.5,12.4,14.6,11.7,13.3,13.4,70.8,127,53,No
163,Mariana,Martínez Ríos,F,17,Ibarra,Matutina,Primero,13.0,11.3,11.9,14.7,15.9,14.7,13.58,81.7,147,33,No
164,Andrea,Rodríguez García,F,15,Manta,Matutina,Tercero,11.7,10.5,11.6,11.4,10.6,13.7,11.58,77.4,139,41,No
165,Nicolás,García Cruz,M,15,Manta,Vespertina,Primero,12.7,12.7,11.4,11.8,9.6,11.8,11.67,74.7,134,46,No
166,Melissa,Díaz López,F,17,Quito,Matutina,Primero,15.3,13.2,14.2,14.2,15.0,15.2,14.52,87.4,157,23,Sí
167,Melissa,Torres Ríos,F,18,Cuenca,Matutina,Tercero,14.7,14.6,15.3,13.3,13.9,16.7,14.75,90.3,163,17,Sí
168,Sofía,Romero Rodríguez,F,16,Loja,Vespertina,Primero,13.1,14.6,15.2,13.4,12.8,13.8,13.82,78.6,141,39,No
169,Carolina,Ramos Álvarez,F,16,Manta,Matutina,Tercero,12.3,12.6,11.8,13.1,11.2,11.5,12.08,79.3,143,37,No
170,Andrea,Hernández Cruz,F,16,Ibarra,Matutina,Segundo,14.5,15.7,15.8,13.8,16.4,13.5,14.95,82.5,148,32,Sí
171,Mariana,Vargas Ortiz,F,18,Riobamba,Vespertina,Segundo,13.8,13.2,15.1,16.0,14.2,14.3,14.43,89.8,162,18,Sí
172,Isabella,Vega Álvarez,F,18,Ibarra,Matutina,Tercero,15.9,16.0,15.1,13.8,14.3,15.0,15.02,85.1,153,27,Sí
173,Valentina,Aguilar Soto,F,16,Manta,Matutina,Segundo,10.7,13.6,13.2,12.7,12.3,13.4,12.65,85.4,154,26,No
174,Karina,Ortiz Reyes,F,16,Esmeraldas,Matutina,Primero,18.8,16.3,16.8,17.8,17.2,18.5,17.57,95.3,172,8,Sí
175,Stephanie,Núñez Herrera,F,15,Cuenca,Vespertina,Primero,16.1,13.9,15.6,15.9,13.5,16.6,15.27,91.7,165,15,Sí
176,Valeria,González Romero,F,17,Riobamba,Vespertina,Segundo,12.2,11.5,10.6,9.6,10.1,9.4,10.57,84.6,152,28,No
177,Natalia,Romero García,F,15,Santo Domingo,Vespertina,Primero,12.4,11.2,14.5,12.1,10.8,13.1,12.35,80.9,146,34,No
178,Esteban,Ramos Cruz,M,17,Quito,Matutina,Primero,15.5,15.8,20.0,17.9,17.6,19.2,17.67,96.8,174,6,Sí
179,Jorge,Hernández Ramos,M,17,Guayaquil,Vespertina,Segundo,15.4,15.0,13.8,14.0,12.3,13.5,14.0,85.2,153,27,Sí
180,Diego,García Pérez,M,18,Guayaquil,Matutina,Tercero,11.6,13.4,13.4,12.0,12.6,9.1,12.02,79.2,143,37,No
181,Felipe,Jiménez López,M,15,Guayaquil,Vespertina,Segundo,15.1,14.5,15.1,13.1,17.0,18.4,15.53,91.9,165,15,Sí
182,Gabriel,Ortiz Hernández,M,18,Loja,Matutina,Tercero,16.4,14.0,15.6,16.0,16.7,19.9,16.43,90.6,163,17,Sí
183,Carolina,Reyes Díaz,F,16,Ambato,Vespertina,Tercero,16.3,16.1,13.9,14.5,15.1,14.2,15.02,91.6,165,15,Sí
184,Daniela,Vargas Mendoza,F,16,Riobamba,Vespertina,Tercero,13.4,12.2,12.6,11.1,11.9,12.9,12.35,76.4,138,42,No
185,Nicolás,Mora Díaz,M,16,Riobamba,Vespertina,Segundo,11.6,12.4,9.0,13.4,13.5,14.0,12.32,86.6,156,24,No
186,Alejandro,Vargas Flores,M,18,Riobamba,Vespertina,Primero,13.2,13.3,14.6,15.1,16.3,16.4,14.82,89.7,161,19,Sí
187,Paola,Romero Ortiz,F,15,Manta,Vespertina,Tercero,14.6,13.8,14.1,17.0,14.8,15.9,15.03,94.9,171,9,Sí
188,Diego,García Medina,M,16,Quito,Matutina,Segundo,16.7,15.1,15.8,13.9,15.4,16.8,15.62,88.4,159,21,Sí
189,Carlos,Díaz Ríos,M,18,Manta,Matutina,Segundo,11.7,10.8,13.4,13.2,11.0,14.1,12.37,77.3,139,41,No
190,Valentina,Núñez Romero,F,15,Ambato,Matutina,Primero,13.1,13.2,14.3,13.8,13.5,13.7,13.6,86.0,155,25,No
191,Gabriela,Díaz Torres,F,18,Loja,Vespertina,Primero,13.3,13.9,13.9,14.0,13.9,16.3,14.22,91.2,164,16,Sí
192,Lucía,Vega Ramos,F,17,Loja,Matutina,Tercero,13.6,15.3,14.4,17.3,14.5,14.8,14.98,75.6,136,44,Sí
193,Cristian,Vega Ríos,M,16,Cuenca,Matutina,Segundo,20.0,19.4,17.9,18.0,19.8,20.0,19.18,93.1,168,12,Sí
194,Valentina,Pérez Vargas,F,16,Riobamba,Vespertina,Primero,12.2,11.8,11.7,12.4,11.6,14.9,12.43,71.7,129,51,No
195,Sofía,Romero Rodríguez,F,16,Riobamba,Matutina,Tercero,15.6,16.5,17.8,17.1,16.5,18.8,17.05,92.5,166,14,Sí
196,Natalia,Álvarez Ramírez,F,16,Guayaquil,Matutina,Primero,10.6,9.1,10.9,11.4,8.9,11.6,10.42,64.5,116,64,No
197,Fernando,Flores Álvarez,M,17,Guayaquil,Matutina,Primero,12.9,11.9,12.3,11.5,12.9,15.9,12.9,89.0,160,20,No
198,Paola,Vargas Martínez,F,17,Manta,Matutina,Primero,19.4,16.8,15.9,17.1,17.4,18.5,17.52,91.1,164,16,Sí
199,Felipe,González Pérez,M,18,Loja,Matutina,Tercero,10.5,11.7,16.6,15.1,13.1,15.4,13.73,85.6,154,26,No
200,Valentina,Martínez Álvarez,F,15,Cuenca,Vespertina,Tercero,12.7,13.5,12.9,12.8,12.9,14.7,13.25,81.6,147,33,No
201,Gabriel,Mendoza Mendoza,M,16,Manta,Vespertina,Segundo,20.0,18.5,20.0,20.0,17.4,20.0,19.32,94.3,170,10,Sí
202,Alejandro,Ríos Medina,M,17,Santo Domingo,Vespertina,Segundo,13.4,11.8,11.8,13.2,11.6,14.0,12.63,91.2,164,16,No
203,Daniel,Vargas Morales,M,16,Cuenca,Matutina,Primero,10.8,10.9,12.6,9.4,14.9,13.7,12.05,84.3,152,28,No
204,Carolina,Mora Soto,F,16,Cuenca,Matutina,Tercero,17.9,20.0,17.9,20.0,18.2,18.7,18.78,89.1,160,20,Sí
205,Daniel,Castillo Flores,M,16,Santo Domingo,Matutina,Primero,15.0,14.3,15.0,14.1,12.4,15.9,14.45,87.6,158,22,Sí
206,Mateo,Martínez García,M,16,Esmeraldas,Matutina,Primero,13.2,10.2,13.2,12.1,12.8,12.4,12.32,86.6,156,24,No
207,Juan,Aguilar Reyes,M,18,Loja,Matutina,Tercero,17.1,15.2,17.4,14.8,15.3,17.8,16.27,90.7,163,17,Sí
208,Camila,Hernández Aguilar,F,15,Esmeraldas,Vespertina,Tercero,17.5,16.5,18.9,14.9,16.0,18.4,17.03,92.6,167,13,Sí
209,Felipe,Morales Díaz,M,16,Guayaquil,Vespertina,Segundo,14.3,13.8,13.3,12.9,13.7,12.6,13.43,90.3,163,17,No
210,Isabella,Núñez Reyes,F,18,Riobamba,Vespertina,Tercero,13.2,16.7,15.4,13.8,14.6,14.9,14.77,75.9,137,43,Sí
211,Jorge,García Díaz,M,17,Guayaquil,Matutina,Segundo,15.9,16.7,15.4,14.3,15.6,16.0,15.65,80.6,145,35,Sí
212,María,Reyes Ortiz,F,16,Esmeraldas,Vespertina,Primero,13.1,12.7,13.5,12.4,9.3,12.2,12.2,73.8,133,47,No
213,Gabriela,Rodríguez Martínez,F,18,Esmeraldas,Vespertina,Primero,13.2,13.4,15.2,14.8,11.9,13.1,13.6,87.8,158,22,No
214,Sofía,Cruz Ramos,F,15,Manta,Vespertina,Segundo,13.2,15.4,16.4,16.3,15.8,18.3,15.9,83.4,150,30,Sí
215,Melissa,Álvarez Ramírez,F,16,Manta,Matutina,Primero,16.0,14.5,17.1,17.1,12.7,16.2,15.6,81.0,146,34,Sí
216,Stephanie,Reyes Castillo,F,18,Esmeraldas,Matutina,Segundo,11.9,13.7,12.7,12.5,10.8,12.7,12.38,67.2,121,59,No
217,Diego,Vega Álvarez,M,16,Cuenca,Matutina,Primero,11.8,12.1,12.4,11.3,12.4,11.9,11.98,84.3,152,28,No
218,Andrés,Jiménez Castillo,M,18,Ibarra,Vespertina,Segundo,9.7,12.3,14.4,13.0,10.3,12.2,11.98,84.6,152,28,No
219,Diego,Romero Vega,M,15,Manta,Vespertina,Segundo,14.8,17.0,13.9,14.8,15.3,17.0,15.47,80.5,145,35,Sí
220,Ana,Jiménez Núñez,F,17,Ambato,Matutina,Tercero,10.5,11.9,10.9,12.7,11.5,11.4,11.48,87.8,158,22,No
221,Felipe,González Flores,M,18,Loja,Vespertina,Tercero,8.4,11.0,10.4,11.1,10.6,9.1,10.1,79.9,144,36,No
222,Pablo,Ríos Hernández,M,15,Manta,Vespertina,Primero,9.3,7.8,8.5,9.2,9.4,9.4,8.93,78.9,142,38,No
223,Nicolás,Medina Pérez,M,17,Loja,Vespertina,Tercero,12.1,16.2,14.1,13.9,12.7,15.3,14.05,91.7,165,15,Sí
224,Carolina,Hernández Soto,F,17,Guayaquil,Vespertina,Primero,12.8,14.1,10.7,12.4,14.2,12.9,12.85,81.2,146,34,No
225,Stephanie,García Ramos,F,15,Santo Domingo,Matutina,Tercero,13.2,14.4,12.7,14.3,13.8,12.6,13.5,83.0,149,31,No
226,Carolina,Álvarez Ramírez,F,16,Santo Domingo,Vespertina,Tercero,10.4,12.1,12.1,12.5,15.0,13.0,12.52,86.9,156,24,No
227,Lucía,Herrera Rodríguez,F,18,Guayaquil,Vespertina,Segundo,9.8,9.7,11.4,13.7,11.9,11.7,11.37,87.1,157,23,No
228,Gabriel,Jiménez Herrera,M,17,Cuenca,Matutina,Tercero,16.4,17.8,18.7,17.3,17.1,16.9,17.37,100.0,180,0,Sí
229,Gabriela,Herrera Castillo,F,18,Loja,Vespertina,Primero,15.2,12.1,14.3,14.8,14.3,15.5,14.37,89.2,161,19,Sí
230,Mateo,Ortiz López,M,16,Loja,Matutina,Tercero,10.9,9.4,11.1,9.8,8.7,10.4,10.05,80.5,145,35,No
231,Daniel,Núñez Pérez,M,15,Riobamba,Vespertina,Segundo,16.8,15.6,15.3,15.7,13.0,16.4,15.47,92.7,167,13,Sí
232,Isabella,Vega López,F,18,Loja,Matutina,Segundo,12.4,12.7,12.4,15.0,13.3,15.2,13.5,74.1,133,47,No
233,Miguel,Mendoza Reyes,M,18,Riobamba,Vespertina,Segundo,14.0,14.8,14.8,15.9,15.1,15.4,15.0,88.4,159,21,Sí
234,Felipe,Torres Medina,M,17,Manta,Matutina,Primero,11.4,14.0,13.9,15.0,12.1,14.5,13.48,83.1,150,30,No
235,Andrea,Núñez Herrera,F,16,Loja,Vespertina,Segundo,10.7,10.2,12.7,10.0,11.3,11.8,11.12,84.8,153,27,No
236,Esteban,Vargas Hernández,M,15,Loja,Matutina,Segundo,14.5,13.5,13.7,14.3,15.4,14.8,14.37,84.9,153,27,Sí
237,Ricardo,Álvarez Jiménez,M,15,Ibarra,Vespertina,Segundo,13.3,13.1,13.7,13.9,12.9,14.9,13.63,76.1,137,43,No
238,Ricardo,Soto Núñez,M,15,Ibarra,Matutina,Segundo,14.0,14.2,14.0,14.8,13.2,16.0,14.37,88.4,159,21,Sí
239,Isabella,Martínez Castillo,F,18,Ambato,Vespertina,Segundo,17.7,18.2,18.4,18.5,16.3,18.1,17.87,100.0,180,0,Sí
240,Diego,Núñez Ramírez,M,16,Santo Domingo,Vespertina,Segundo,12.1,13.1,13.0,13.4,11.9,15.7,13.2,80.0,144,36,No
241,Luis,García Ramos,M,16,Cuenca,Vespertina,Segundo,20.0,16.2,17.8,20.0,16.8,19.6,18.4,96.2,173,7,Sí
242,Fernanda,Soto Jiménez,F,18,Riobamba,Matutina,Primero,17.0,17.4,18.2,15.9,17.6,18.3,17.4,82.4,148,32,Sí
243,Isabella,Mendoza Jiménez,F,17,Esmeraldas,Matutina,Tercero,15.8,13.3,15.6,14.0,11.7,15.5,14.32,83.5,150,30,Sí
244,María,Medina Ramos,F,16,Loja,Matutina,Segundo,13.9,13.9,13.5,16.3,12.4,16.8,14.47,69.1,124,56,Sí
245,Carlos,Ortiz Mora,M,16,Ibarra,Vespertina,Segundo,11.7,11.3,10.7,11.9,11.5,12.3,11.57,82.8,149,31,No
246,Gabriela,López Álvarez,F,18,Esmeraldas,Vespertina,Primero,18.3,16.8,18.8,19.0,17.0,18.1,18.0,84.5,152,28,Sí
247,Andrés,Ríos Mendoza,M,17,Ibarra,Matutina,Tercero,14.3,13.4,15.6,16.5,15.7,18.0,15.58,79.6,143,37,Sí
248,Carolina,Medina Álvarez,F,15,Guayaquil,Matutina,Primero,11.5,14.9,13.9,13.0,10.7,13.5,12.92,86.8,156,24,No
249,Ricardo,Rodríguez Ramírez,M,16,Ambato,Matutina,Segundo,14.9,16.9,15.0,15.9,14.2,15.1,15.33,81.0,146,34,Sí
250,Fernando,Álvarez Herrera,M,16,Santo Domingo,Matutina,Tercero,11.1,10.0,10.0,12.4,12.9,11.3,11.28,88.7,160,20,No
251,Miguel,Rodríguez Jiménez,M,17,Ibarra,Vespertina,Segundo,14.6,11.9,12.2,11.5,14.9,12.2,12.88,80.2,144,36,No
252,Karina,Medina Núñez,F,17,Ibarra,Vespertina,Tercero,14.3,13.2,14.8,15.7,13.8,13.6,14.23,88.2,159,21,Sí
253,Pablo,Castillo Medina,M,17,Guayaquil,Vespertina,Tercero,11.8,13.9,12.9,12.8,13.1,12.1,12.77,80.6,145,35,No
254,Pablo,Rodríguez García,M,18,Cuenca,Matutina,Tercero,19.6,19.4,19.7,15.9,18.2,19.1,18.65,100.0,180,0,Sí
255,Cristian,Martínez Morales,M,18,Guayaquil,Matutina,Tercero,14.9,15.0,13.7,16.0,14.9,14.9,14.9,92.0,166,14,Sí
256,Natalia,Castillo Martínez,F,15,Manta,Matutina,Tercero,16.3,13.3,14.1,15.5,13.3,14.3,14.47,80.3,145,35,Sí
257,Sebastián,Flores Álvarez,M,16,Guayaquil,Matutina,Primero,16.4,16.2,17.6,17.2,16.2,18.2,16.97,89.8,162,18,Sí
258,Camila,Martínez González,F,17,Esmeraldas,Matutina,Tercero,12.5,12.9,12.4,14.4,12.3,16.4,13.48,82.5,148,32,No
259,Pablo,López Ríos,M,16,Riobamba,Vespertina,Primero,14.1,17.9,15.2,15.2,14.6,19.4,16.07,83.1,150,30,Sí
260,Diego,Herrera Morales,M,18,Ambato,Matutina,Primero,11.6,11.4,14.8,11.1,10.8,14.1,12.3,79.7,143,37,No
261,Stephanie,Ríos Vargas,F,18,Santo Domingo,Matutina,Segundo,20.0,19.2,16.7,19.6,20.0,20.0,19.25,92.2,166,14,Sí
262,Sebastián,Herrera Ortiz,M,16,Riobamba,Matutina,Primero,12.1,13.8,16.2,14.1,12.0,12.7,13.48,84.2,152,28,No
263,Natalia,Martínez López,F,15,Quito,Matutina,Segundo,11.1,12.3,12.9,14.0,11.1,14.7,12.68,82.0,148,32,No
264,Cristian,García Ortiz,M,15,Esmeraldas,Matutina,Tercero,14.8,13.6,13.4,14.7,13.3,13.7,13.92,82.2,148,32,No
265,Paola,Soto Herrera,F,15,Santo Domingo,Matutina,Tercero,20.0,20.0,20.0,17.9,18.9,20.0,19.47,89.5,161,19,Sí
266,María,Castillo Ramos,F,16,Guayaquil,Matutina,Primero,17.9,18.8,18.7,19.3,19.3,20.0,19.0,91.9,165,15,Sí
267,Juan,Hernández Torres,M,17,Ambato,Matutina,Primero,11.6,11.2,14.4,13.5,13.6,13.2,12.92,81.9,147,33,No
268,David,Rodríguez Pérez,M,18,Loja,Vespertina,Primero,12.8,12.8,13.3,14.2,13.5,15.5,13.68,80.4,145,35,No
269,Esteban,Romero Morales,M,17,Riobamba,Matutina,Primero,16.4,19.5,17.0,16.1,16.8,19.4,17.53,88.0,158,22,Sí
270,Melissa,Álvarez Morales,F,17,Santo Domingo,Matutina,Primero,11.7,11.9,11.7,14.7,12.4,12.5,12.48,81.9,147,33,No
271,Carlos,Ramos Vargas,M,15,Esmeraldas,Vespertina,Tercero,10.6,11.1,10.5,13.5,8.6,11.1,10.9,83.9,151,29,No
272,Camila,Álvarez Vargas,F,15,Riobamba,Vespertina,Tercero,16.9,16.4,19.5,15.7,15.0,15.2,16.45,90.9,164,16,Sí
273,Daniel,Morales Martínez,M,16,Santo Domingo,Matutina,Primero,15.1,16.3,14.6,14.4,15.2,15.0,15.1,97.4,175,5,Sí
274,Mateo,Rodríguez Medina,M,17,Manta,Matutina,Segundo,10.8,10.8,10.4,10.1,10.1,12.3,10.75,86.2,155,25,No
275,Carolina,Cruz Ríos,F,18,Esmeraldas,Matutina,Tercero,13.3,11.8,12.7,14.3,12.0,14.0,13.02,88.0,158,22,No
276,Felipe,Reyes Ríos,M,17,Guayaquil,Vespertina,Tercero,16.0,17.2,18.2,19.3,17.0,17.9,17.6,87.2,157,23,Sí
277,Esteban,González Martínez,M,16,Manta,Matutina,Tercero,14.9,13.2,13.3,13.7,12.8,12.6,13.42,83.6,150,30,No
278,Karina,Cruz Ramos,F,18,Cuenca,Matutina,Segundo,13.3,14.1,15.6,14.8,14.3,15.2,14.55,84.9,153,27,Sí
279,Karina,Romero López,F,16,Riobamba,Vespertina,Primero,12.4,12.5,12.8,11.1,10.9,13.1,12.13,87.8,158,22,No
280,Cristian,Vargas Vega,M,15,Guayaquil,Vespertina,Tercero,16.7,17.1,17.0,13.9,15.7,14.9,15.88,82.1,148,32,Sí
281,Pablo,Reyes Torres,M,18,Riobamba,Vespertina,Tercero,14.5,11.5,14.7,12.8,12.6,15.1,13.53,85.6,154,26,No
282,Jorge,Mendoza Núñez,M,18,Manta,Matutina,Primero,8.0,6.8,8.2,8.8,10.1,9.6,8.58,74.9,135,45,No
283,Valentina,González Reyes,F,17,Manta,Vespertina,Tercero,11.3,13.0,11.3,10.7,10.0,14.1,11.73,75.9,137,43,No
284,Fernanda,Flores Romero,F,17,Riobamba,Matutina,Tercero,14.9,15.2,15.1,11.9,15.2,16.1,14.73,88.5,159,21,Sí
285,Juan,Jiménez Ortiz,M,15,Guayaquil,Matutina,Segundo,10.8,9.3,10.6,10.5,9.7,10.8,10.28,66.5,120,60,No
286,Karina,Martínez Vega,F,16,Santo Domingo,Vespertina,Primero,19.3,20.0,19.3,18.4,20.0,20.0,19.5,88.9,160,20,Sí
287,Luis,Morales Torres,M,15,Cuenca,Matutina,Segundo,14.0,13.0,12.8,15.3,11.7,14.6,13.57,86.7,156,24,No
288,Mariana,Mora Romero,F,17,Loja,Vespertina,Primero,13.8,14.3,16.1,14.3,14.2,16.7,14.9,88.2,159,21,Sí
289,Natalia,Rodríguez Ríos,F,17,Ibarra,Vespertina,Tercero,13.5,15.3,13.9,15.2,13.3,17.4,14.77,80.8,145,35,Sí
290,Daniel,Rodríguez Ramírez,M,15,Riobamba,Matutina,Tercero,8.5,7.4,8.4,10.2,7.1,9.7,8.55,76.4,138,42,No
291,Natalia,López Castillo,F,16,Santo Domingo,Vespertina,Segundo,16.4,17.9,17.1,18.4,16.6,16.7,17.18,89.4,161,19,Sí
292,David,Pérez Torres,M,16,Ambato,Vespertina,Primero,12.3,11.9,15.0,14.1,11.8,13.2,13.05,93.0,167,13,No
293,Carolina,Mendoza Díaz,F,18,Esmeraldas,Vespertina,Segundo,9.9,11.2,8.1,9.5,8.9,9.4,9.5,72.0,130,50,No
294,Pablo,Morales Jiménez,M,16,Santo Domingo,Matutina,Tercero,12.5,13.8,15.6,14.2,13.0,15.0,14.02,77.3,139,41,Sí
295,Cristian,Ramírez Torres,M,17,Santo Domingo,Vespertina,Segundo,18.3,19.3,16.2,19.3,16.8,19.7,18.27,84.0,151,29,Sí
296,Diego,Aguilar Ramírez,M,16,Ibarra,Vespertina,Segundo,15.7,17.3,15.1,14.1,16.0,16.1,15.72,96.0,173,7,Sí
297,Valeria,Flores Ramírez,F,15,Riobamba,Matutina,Tercero,18.4,19.0,18.1,20.0,19.4,20.0,19.15,92.4,166,14,Sí
298,Carolina,García Reyes,F,15,Loja,Matutina,Tercero,14.8,15.9,17.5,18.7,15.1,18.8,16.8,79.4,143,37,Sí
299,Alejandro,Mendoza Flores,M,18,Cuenca,Matutina,Tercero,14.7,13.6,13.5,13.7,14.4,14.9,14.13,87.5,158,22,Sí
300,Lucía,Medina Ramírez,F,18,Manta,Vespertina,Segundo,15.5,14.4,15.0,16.3,15.7,16.0,15.48,87.7,158,22,Sí
301,Sebastián,Hernández Jiménez,M,15,Guayaquil,Matutina,Segundo,15.6,16.1,14.5,17.6,16.5,17.4,16.28,93.3,168,12,Sí
302,Lucía,Torres Torres,F,17,Santo Domingo,Matutina,Primero,16.3,17.2,18.3,17.8,18.9,16.8,17.55,78.4,141,39,Sí
303,Mariana,Álvarez González,F,16,Esmeraldas,Vespertina,Tercero,15.0,12.9,13.7,16.2,12.3,15.5,14.27,81.1,146,34,Sí
304,Fernando,Flores Morales,M,18,Manta,Matutina,Segundo,15.7,14.6,14.4,14.1,13.7,16.7,14.87,83.6,150,30,Sí
305,Lucía,García Vega,F,18,Manta,Matutina,Primero,10.6,11.4,12.5,10.9,11.1,14.2,11.78,74.8,135,45,No
306,David,López Reyes,M,16,Ibarra,Vespertina,Segundo,9.4,9.4,10.4,11.5,10.7,11.5,10.48,84.8,153,27,No
307,Fernanda,Medina Mendoza,F,18,Ambato,Vespertina,Primero,17.6,18.7,19.1,16.7,15.4,17.4,17.48,89.5,161,19,Sí
308,Miguel,García Cruz,M,16,Loja,Vespertina,Segundo,14.4,13.0,13.0,16.0,14.4,15.2,14.33,85.5,154,26,Sí
309,Paola,López Castillo,F,18,Cuenca,Matutina,Segundo,13.5,10.8,14.3,14.5,12.4,15.7,13.53,75.1,135,45,No
310,Sebastián,Álvarez Aguilar,M,15,Ibarra,Matutina,Segundo,13.1,17.7,16.3,15.7,15.0,14.5,15.38,84.2,152,28,Sí
311,Lucía,Pérez Morales,F,15,Ambato,Matutina,Primero,12.9,13.1,14.3,14.9,15.0,16.1,14.38,87.3,157,23,Sí
312,Karina,González Morales,F,15,Ambato,Matutina,Segundo,15.4,15.2,17.9,12.8,13.5,14.7,14.92,80.6,145,35,Sí
313,Miguel,Cruz Torres,M,17,Ibarra,Vespertina,Segundo,10.9,11.0,9.7,12.8,10.7,12.3,11.23,78.8,142,38,No
314,Daniela,Romero Hernández,F,17,Loja,Vespertina,Segundo,12.0,10.0,11.6,10.9,9.4,11.7,10.93,83.6,150,30,No
315,María,Vega Ortiz,F,18,Cuenca,Matutina,Tercero,12.5,9.8,11.5,13.6,10.2,10.9,11.42,75.6,136,44,No
316,Mariana,González Mendoza,F,17,Loja,Vespertina,Tercero,15.7,16.8,16.0,16.2,16.5,16.7,16.32,91.3,164,16,Sí
317,Diego,Martínez Romero,M,18,Santo Domingo,Vespertina,Primero,13.1,15.8,16.9,15.9,14.4,16.6,15.45,89.1,160,20,Sí
318,Nicolás,Castillo Aguilar,M,18,Loja,Matutina,Tercero,13.3,14.0,14.5,14.3,16.0,13.3,14.23,93.2,168,12,Sí
319,Daniela,Pérez Vargas,F,16,Esmeraldas,Matutina,Tercero,16.3,15.4,17.9,17.9,15.3,18.3,16.85,83.0,149,31,Sí
320,Juan,Castillo Jiménez,M,17,Cuenca,Vespertina,Segundo,10.8,9.0,12.1,10.0,7.9,11.4,10.2,81.7,147,33,No
321,Esteban,Castillo Pérez,M,18,Ibarra,Vespertina,Segundo,13.3,12.0,10.7,13.7,13.4,12.9,12.67,64.1,115,65,No
322,María,Flores Torres,F,16,Loja,Matutina,Tercero,14.3,11.0,11.8,13.5,12.4,13.9,12.82,79.8,144,36,No
323,Carolina,Núñez Romero,F,16,Ambato,Vespertina,Segundo,15.4,15.3,16.3,13.9,13.8,13.3,14.67,91.2,164,16,Sí
324,Gabriel,Ortiz Flores,M,15,Esmeraldas,Vespertina,Primero,18.6,15.8,17.1,20.0,15.4,20.0,17.82,98.2,177,3,Sí
325,Alejandro,Martínez Flores,M,15,Loja,Matutina,Segundo,16.1,17.2,19.0,18.1,15.7,18.8,17.48,84.3,152,28,Sí
326,Ricardo,Flores Ríos,M,18,Cuenca,Matutina,Segundo,13.7,13.4,13.7,13.2,13.4,14.1,13.58,84.8,153,27,No
327,Daniel,Castillo Pérez,M,18,Riobamba,Matutina,Tercero,11.2,11.7,12.9,13.7,12.7,12.6,12.47,85.0,153,27,No
328,Andrea,Morales Morales,F,16,Loja,Vespertina,Tercero,12.4,12.1,14.2,15.0,14.2,12.6,13.42,79.5,143,37,No
329,Sebastián,Herrera Morales,M,16,Guayaquil,Matutina,Tercero,14.9,13.4,14.5,11.5,12.0,12.9,13.2,82.8,149,31,No
330,Valeria,García Díaz,F,16,Ibarra,Matutina,Primero,10.9,12.6,11.5,12.9,14.5,13.8,12.7,80.2,144,36,No
331,David,Hernández Martínez,M,17,Ambato,Vespertina,Primero,9.1,12.8,13.7,13.1,10.3,10.6,11.6,79.6,143,37,No
332,Paola,Torres Jiménez,F,15,Loja,Vespertina,Tercero,14.2,15.1,13.8,15.4,14.9,15.8,14.87,86.4,156,24,Sí
333,Valeria,Jiménez Aguilar,F,16,Quito,Vespertina,Tercero,16.1,18.7,17.6,20.0,14.7,18.1,17.53,81.6,147,33,Sí
334,Cristian,Ramírez Torres,M,16,Loja,Vespertina,Tercero,11.6,12.1,8.8,10.6,11.4,10.0,10.75,73.3,132,48,No
335,Lucía,Mora Mendoza,F,17,Santo Domingo,Matutina,Primero,14.7,14.6,15.5,15.4,16.6,18.0,15.8,98.3,177,3,Sí
336,Camila,Ortiz Mora,F,16,Loja,Matutina,Tercero,8.9,10.6,11.9,13.3,10.7,12.0,11.23,74.1,133,47,No
337,Lucía,Álvarez Aguilar,F,17,Cuenca,Matutina,Primero,20.0,20.0,20.0,20.0,18.5,20.0,19.75,90.1,162,18,Sí
338,Nicolás,López Medina,M,18,Cuenca,Vespertina,Tercero,12.5,12.7,12.1,14.4,13.2,14.7,13.27,70.6,127,53,No
339,Andrea,Torres Aguilar,F,16,Ambato,Matutina,Primero,20.0,16.3,18.7,17.0,16.8,19.8,18.1,91.3,164,16,Sí
340,Gabriel,Aguilar Soto,M,18,Loja,Vespertina,Tercero,18.0,16.3,15.1,16.7,16.3,17.2,16.6,94.0,169,11,Sí
341,Felipe,Vargas Castillo,M,18,Quito,Vespertina,Tercero,16.0,13.0,16.4,17.5,17.1,15.4,15.9,87.0,157,23,Sí
342,Karina,Mora Martínez,F,16,Santo Domingo,Vespertina,Primero,15.4,15.2,16.2,13.2,15.1,15.9,15.17,81.1,146,34,Sí
343,Fernando,Romero Núñez,M,16,Santo Domingo,Matutina,Segundo,14.6,17.3,15.4,15.2,15.2,15.9,15.6,85.1,153,27,Sí
344,Pablo,Medina Jiménez,M,16,Riobamba,Vespertina,Primero,10.9,8.3,9.2,10.4,11.8,13.5,10.68,84.1,151,29,No
345,Lucía,Flores Aguilar,F,18,Manta,Matutina,Primero,20.0,16.0,19.8,18.1,18.8,18.7,18.57,81.0,146,34,Sí
346,Gabriela,Pérez Romero,F,18,Santo Domingo,Vespertina,Segundo,15.5,15.1,14.3,16.0,12.7,14.0,14.6,86.8,156,24,Sí
347,Luis,Ortiz Morales,M,15,Cuenca,Matutina,Tercero,11.9,12.8,13.2,14.2,16.1,16.7,14.15,87.8,158,22,Sí
348,Fernando,Aguilar Romero,M,17,Quito,Matutina,Segundo,14.6,18.3,16.8,14.4,15.8,16.4,16.05,85.1,153,27,Sí
349,Natalia,Vargas Reyes,F,16,Ambato,Matutina,Primero,11.2,13.1,13.9,14.6,13.8,13.6,13.37,86.3,155,25,No
350,Karina,Ramos Díaz,F,17,Ibarra,Vespertina,Primero,9.1,9.6,10.2,9.3,10.9,8.9,9.67,79.0,142,38,No
351,Carlos,Rodríguez García,M,18,Guayaquil,Matutina,Tercero,17.3,16.4,15.5,17.9,15.7,16.9,16.62,90.4,163,17,Sí
352,Jorge,Flores Vargas,M,17,Quito,Matutina,Tercero,15.3,17.3,13.4,15.2,16.1,16.3,15.6,94.2,170,10,Sí
353,Valeria,Ríos Martínez,F,16,Santo Domingo,Matutina,Tercero,6.8,10.0,10.4,8.8,10.0,7.6,8.93,84.2,152,28,No
354,Mariana,Castillo García,F,16,Esmeraldas,Vespertina,Segundo,15.7,15.6,15.8,14.6,13.8,17.1,15.43,91.3,164,16,Sí
355,Gabriel,Rodríguez Ramos,M,17,Loja,Matutina,Segundo,15.7,18.0,17.2,18.8,17.5,17.7,17.48,89.3,161,19,Sí
356,Sebastián,Mora López,M,18,Ibarra,Matutina,Segundo,15.7,15.1,14.6,16.8,15.7,15.4,15.55,82.5,148,32,Sí
357,Pablo,Herrera González,M,16,Quito,Vespertina,Segundo,17.5,16.7,20.0,18.4,17.0,17.3,17.82,96.5,174,6,Sí
358,Diego,Vargas Vega,M,17,Quito,Vespertina,Tercero,16.3,15.1,16.0,16.9,14.7,17.6,16.1,90.7,163,17,Sí
359,Valentina,García Mendoza,F,15,Ambato,Vespertina,Tercero,14.7,15.9,14.9,14.5,14.8,16.4,15.2,82.7,149,31,Sí
360,Ana,González García,F,18,Quito,Matutina,Segundo,13.7,13.2,13.4,14.5,10.4,12.3,12.92,80.8,145,35,No
361,Natalia,Soto Pérez,F,15,Santo Domingo,Matutina,Primero,11.8,8.5,9.6,11.5,9.8,10.0,10.2,75.0,135,45,No
362,Miguel,Ramos Núñez,M,17,Loja,Vespertina,Primero,13.8,13.0,15.2,12.5,13.9,15.5,13.98,79.5,143,37,No
363,Isabella,Flores Vega,F,17,Esmeraldas,Matutina,Tercero,16.1,16.0,14.9,13.8,12.9,13.6,14.55,79.9,144,36,Sí
364,Gabriela,Mendoza Torres,F,16,Santo Domingo,Vespertina,Primero,12.3,15.6,11.9,12.8,11.3,15.3,13.2,79.6,143,37,No
365,Esteban,Soto Cruz,M,15,Esmeraldas,Vespertina,Segundo,11.4,13.0,15.0,16.7,13.8,14.7,14.1,89.2,161,19,Sí
366,Natalia,Cruz Ortiz,F,15,Guayaquil,Matutina,Primero,12.0,8.7,10.2,10.5,10.3,11.6,10.55,74.0,133,47,No
367,Daniela,Pérez Herrera,F,17,Manta,Vespertina,Segundo,13.0,11.2,15.3,13.9,12.2,13.6,13.2,90.6,163,17,No
368,Nicolás,Núñez Castillo,M,15,Quito,Vespertina,Primero,11.5,8.5,10.4,12.4,9.0,11.6,10.57,75.5,136,44,No
369,Juan,Cruz González,M,16,Ibarra,Vespertina,Segundo,16.0,15.4,17.6,16.1,15.8,17.0,16.32,98.0,176,4,Sí
370,Andrea,González López,F,16,Riobamba,Vespertina,Tercero,13.4,13.9,15.2,16.2,13.0,15.0,14.45,83.3,150,30,Sí
371,Esteban,Cruz Ramos,M,16,Ibarra,Vespertina,Segundo,16.7,14.9,15.8,15.8,13.9,16.4,15.58,74.0,133,47,Sí
372,Miguel,Aguilar Aguilar,M,17,Santo Domingo,Matutina,Tercero,11.3,10.9,9.2,11.8,11.2,11.8,11.03,73.4,132,48,No
373,Karina,Martínez Núñez,F,17,Ibarra,Matutina,Segundo,8.2,11.7,9.9,10.7,8.5,14.3,10.55,78.8,142,38,No
374,Rebeca,Ramírez Martínez,F,18,Esmeraldas,Matutina,Tercero,18.9,16.9,16.3,14.4,15.1,16.9,16.42,76.9,138,42,Sí
375,Fernanda,González Mendoza,F,17,Manta,Vespertina,Primero,13.7,12.5,15.7,13.3,13.0,13.9,13.68,89.3,161,19,No
376,Daniel,Hernández Ríos,M,15,Loja,Matutina,Primero,16.1,16.9,19.1,16.7,16.7,19.5,17.5,85.1,153,27,Sí
377,Sebastián,Romero Aguilar,M,17,Quito,Vespertina,Primero,11.9,11.3,9.4,11.3,13.0,10.7,11.27,81.8,147,33,No
378,Valeria,Ramírez González,F,18,Quito,Vespertina,Segundo,17.0,18.8,15.0,17.7,18.8,19.6,17.82,83.7,151,29,Sí
379,Natalia,Ramírez Ramírez,F,15,Manta,Vespertina,Segundo,18.1,16.2,17.9,16.7,18.0,19.9,17.8,89.3,161,19,Sí
380,Carlos,Soto López,M,15,Riobamba,Matutina,Tercero,13.6,13.6,12.9,14.0,12.4,13.8,13.38,95.9,173,7,No
381,Gabriel,Ortiz Rodríguez,M,15,Guayaquil,Matutina,Segundo,15.8,15.4,14.6,16.5,18.5,17.1,16.32,88.3,159,21,Sí
382,Fernando,Mora Ramírez,M,18,Loja,Vespertina,Primero,17.0,16.2,18.1,17.8,17.5,17.8,17.4,91.5,165,15,Sí
383,Daniel,Mora Pérez,M,18,Cuenca,Vespertina,Primero,13.8,14.5,13.1,14.7,14.0,12.6,13.78,86.5,156,24,No
384,Melissa,García Núñez,F,18,Cuenca,Matutina,Primero,14.1,14.1,14.0,12.6,13.1,14.9,13.8,91.2,164,16,No
385,Paola,Ramos Aguilar,F,15,Ibarra,Matutina,Primero,11.6,14.4,13.2,12.8,9.1,13.1,12.37,80.0,144,36,No
386,Andrés,Morales Castillo,M,17,Guayaquil,Vespertina,Segundo,15.4,15.5,17.2,16.6,16.3,18.6,16.6,95.6,172,8,Sí
387,Valeria,López Núñez,F,18,Ambato,Matutina,Primero,12.5,14.0,10.9,11.6,13.0,13.4,12.57,80.2,144,36,No
388,María,Martínez Díaz,F,15,Loja,Matutina,Segundo,18.5,18.7,16.4,16.2,15.6,15.7,16.85,94.0,169,11,Sí
389,Luis,Aguilar González,M,18,Quito,Vespertina,Tercero,18.4,17.5,17.4,17.7,17.4,18.0,17.73,92.4,166,14,Sí
390,Esteban,López Soto,M,15,Guayaquil,Vespertina,Tercero,11.6,10.8,12.0,10.7,12.4,9.2,11.12,78.4,141,39,No
391,Mateo,Soto Ríos,M,16,Quito,Matutina,Segundo,12.9,12.7,12.2,11.8,11.3,13.5,12.4,82.9,149,31,No
392,Diego,Ríos Ramos,M,18,Cuenca,Matutina,Segundo,17.4,17.7,19.2,17.0,16.3,17.8,17.57,86.7,156,24,Sí
393,Camila,Pérez González,F,17,Ibarra,Vespertina,Segundo,9.9,10.9,9.5,8.8,9.3,9.2,9.6,88.0,158,22,No
394,Carolina,Reyes García,F,16,Ambato,Matutina,Tercero,18.1,16.5,19.0,14.3,14.9,17.4,16.7,86.2,155,25,Sí
395,Sebastián,Rodríguez Ríos,M,16,Santo Domingo,Vespertina,Primero,14.2,15.4,14.1,13.7,12.8,14.7,14.15,75.9,137,43,Sí
396,Ana,Rodríguez Aguilar,F,15,Ibarra,Matutina,Primero,10.8,9.4,12.6,12.7,10.0,9.9,10.9,78.5,141,39,No
397,Gabriela,Vega Rodríguez,F,17,Ambato,Matutina,Primero,15.3,13.4,15.1,16.6,13.9,16.7,15.17,89.3,161,19,Sí
398,Isabella,Jiménez Morales,F,16,Santo Domingo,Matutina,Tercero,12.5,14.1,13.2,13.9,12.0,13.7,13.23,89.0,160,20,No
399,Isabella,Vega Díaz,F,16,Manta,Matutina,Tercero,18.3,15.3,14.7,15.6,15.8,18.0,16.28,76.6,138,42,Sí
400,Esteban,Cruz Soto,M,18,Manta,Matutina,Tercero,11.1,14.7,13.5,15.1,13.6,17.0,14.17,97.8,176,4,Sí
401,Ricardo,Martínez Martínez,M,18,Ibarra,Matutina,Segundo,10.8,12.2,13.0,10.5,11.1,13.4,11.83,80.9,146,34,No
402,Daniela,González Morales,F,17,Ambato,Matutina,Primero,12.8,14.3,13.4,12.1,13.7,14.6,13.48,74.3,134,46,No
403,Isabella,Ríos Ramos,F,17,Santo Domingo,Matutina,Tercero,17.5,16.6,15.2,16.0,14.2,16.6,16.02,95.1,171,9,Sí
404,Andrés,Mendoza Núñez,M,17,Quito,Vespertina,Primero,13.8,14.0,12.3,12.7,13.5,15.3,13.6,93.0,167,13,No
405,Miguel,Díaz Torres,M,15,Santo Domingo,Matutina,Tercero,15.7,14.9,16.9,15.3,15.1,16.8,15.78,83.1,150,30,Sí
406,Daniel,Medina Castillo,M,17,Santo Domingo,Vespertina,Tercero,18.0,15.5,16.6,16.3,16.8,16.1,16.55,100.0,180,0,Sí
407,Sofía,Rodríguez Hernández,F,17,Guayaquil,Matutina,Segundo,17.1,17.5,17.0,17.0,14.8,18.5,16.98,95.7,172,8,Sí
408,Melissa,Aguilar Ortiz,F,15,Manta,Matutina,Primero,15.0,13.4,13.8,12.1,11.8,15.2,13.55,78.4,141,39,No
409,Rebeca,Herrera Medina,F,18,Santo Domingo,Vespertina,Tercero,11.8,12.2,11.0,11.7,7.0,11.7,10.9,80.6,145,35,No
410,Lucía,Álvarez Hernández,F,16,Ibarra,Vespertina,Primero,15.5,13.1,12.8,12.1,13.5,15.0,13.67,89.6,161,19,No
411,Fernando,Ramírez Morales,M,16,Ambato,Matutina,Tercero,14.1,15.9,13.7,16.1,14.9,16.4,15.18,92.1,166,14,Sí
412,Camila,Álvarez Mora,F,17,Cuenca,Matutina,Tercero,11.4,12.7,12.4,12.5,15.1,11.9,12.67,83.5,150,30,No
413,Esteban,Aguilar Mora,M,18,Loja,Matutina,Tercero,6.7,7.3,6.9,7.0,8.4,8.3,7.43,76.2,137,43,No
414,Ana,Mendoza Ortiz,F,16,Esmeraldas,Matutina,Segundo,16.5,17.1,17.6,15.3,19.3,16.4,17.03,84.1,151,29,Sí
415,Nicolás,Jiménez González,M,18,Loja,Vespertina,Segundo,16.9,16.2,15.5,17.5,14.8,16.5,16.23,95.9,173,7,Sí
416,Melissa,Flores Hernández,F,18,Riobamba,Matutina,Tercero,10.8,11.2,10.4,15.2,10.1,12.2,11.65,88.8,160,20,No
417,Sofía,García Reyes,F,17,Riobamba,Matutina,Tercero,11.1,13.3,13.5,12.7,12.9,12.8,12.72,71.9,129,51,No
418,Rebeca,Flores Cruz,F,18,Ambato,Matutina,Primero,14.8,15.4,13.4,13.5,15.3,16.5,14.82,85.3,154,26,Sí
419,Carlos,Rodríguez Vega,M,17,Santo Domingo,Matutina,Tercero,15.5,14.2,13.5,15.1,14.4,15.5,14.7,85.0,153,27,Sí
420,David,Hernández Romero,M,15,Cuenca,Vespertina,Segundo,13.3,12.7,13.5,14.1,10.3,15.1,13.17,80.7,145,35,No
421,Pablo,Pérez Vega,M,16,Guayaquil,Matutina,Tercero,15.2,16.9,17.0,14.3,15.2,18.5,16.18,83.5,150,30,Sí
422,Camila,García González,F,17,Loja,Vespertina,Segundo,14.9,18.9,17.1,17.3,16.3,18.1,17.1,96.3,173,7,Sí
423,Ricardo,Álvarez Mora,M,15,Guayaquil,Matutina,Primero,10.9,12.4,10.7,14.1,13.0,11.9,12.17,82.7,149,31,No
424,María,Aguilar Soto,F,15,Ambato,Matutina,Tercero,12.3,12.7,12.4,12.7,13.1,13.6,12.8,83.7,151,29,No
425,Andrea,Martínez Pérez,F,15,Quito,Matutina,Segundo,13.7,13.9,14.8,14.2,12.9,11.9,13.57,87.9,158,22,No
426,Juan,Herrera Morales,M,15,Guayaquil,Matutina,Tercero,15.9,12.4,13.0,14.3,11.0,14.2,13.47,84.6,152,28,No
427,Esteban,Vega García,M,16,Ambato,Vespertina,Primero,18.5,16.7,18.0,17.7,17.4,19.6,17.98,89.5,161,19,Sí
428,Fernando,Herrera Rodríguez,M,16,Loja,Vespertina,Segundo,11.9,12.8,14.5,14.5,11.9,13.1,13.12,90.4,163,17,No
429,Mariana,Aguilar Martínez,F,15,Loja,Vespertina,Primero,16.2,18.4,17.2,15.9,17.5,17.5,17.12,75.2,135,45,Sí
430,Daniela,Ramos López,F,18,Loja,Matutina,Primero,19.4,18.3,19.2,19.3,17.5,18.6,18.72,95.8,172,8,Sí
431,Juan,López Morales,M,16,Loja,Matutina,Tercero,16.7,15.3,16.3,17.7,13.7,17.0,16.12,89.0,160,20,Sí
432,Carolina,Cruz Herrera,F,18,Santo Domingo,Vespertina,Primero,10.7,10.4,10.9,12.6,10.0,11.2,10.97,82.1,148,32,No
433,Daniel,Herrera García,M,16,Riobamba,Vespertina,Primero,13.9,16.4,14.8,13.2,12.9,15.3,14.42,80.7,145,35,Sí
434,Valeria,Vargas Ramírez,F,17,Ibarra,Matutina,Primero,16.9,14.6,15.6,15.8,15.0,14.4,15.38,90.7,163,17,Sí
435,Isabella,Cruz Reyes,F,16,Manta,Vespertina,Segundo,14.5,13.1,13.0,14.9,12.8,15.0,13.88,81.6,147,33,No
436,Alejandro,Ramírez Cruz,M,18,Esmeraldas,Vespertina,Segundo,13.3,14.0,15.8,14.6,12.1,16.1,14.32,97.9,176,4,Sí
437,Paola,Rodríguez Reyes,F,17,Loja,Vespertina,Segundo,15.7,15.5,15.2,16.4,16.3,16.8,15.98,90.0,162,18,Sí
438,Carlos,Castillo Díaz,M,15,Santo Domingo,Vespertina,Tercero,11.8,13.3,14.6,13.8,13.9,14.2,13.6,79.6,143,37,No
439,Daniel,Rodríguez Medina,M,16,Loja,Vespertina,Tercero,13.7,11.7,13.8,14.4,13.6,13.9,13.52,73.6,132,48,No
440,Cristian,Pérez Flores,M,17,Quito,Vespertina,Tercero,8.2,9.7,9.1,8.9,9.0,9.5,9.07,76.4,138,42,No
441,Andrea,Pérez Morales,F,15,Manta,Vespertina,Segundo,14.3,14.2,14.2,15.8,12.8,15.6,14.48,73.9,133,47,Sí
442,Esteban,Cruz Pérez,M,18,Manta,Vespertina,Tercero,12.4,12.4,13.1,14.3,12.4,15.5,13.35,85.2,153,27,No
443,Natalia,Ramos Soto,F,15,Ambato,Vespertina,Segundo,10.0,8.0,9.3,11.3,8.5,10.5,9.6,80.0,144,36,No
444,Melissa,Cruz Castillo,F,18,Riobamba,Matutina,Primero,16.1,16.6,15.8,18.4,15.1,16.1,16.35,97.8,176,4,Sí
445,María,Martínez Ramos,F,15,Loja,Vespertina,Primero,9.8,8.4,7.9,10.7,11.1,11.4,9.88,78.3,141,39,No
446,Esteban,Aguilar Vargas,M,15,Ibarra,Vespertina,Segundo,13.3,12.4,14.4,14.7,11.7,15.0,13.58,76.7,138,42,No
447,Ricardo,Pérez González,M,15,Cuenca,Matutina,Segundo,15.8,17.3,15.7,16.4,14.4,19.7,16.55,86.3,155,25,Sí
448,David,Núñez Ríos,M,16,Loja,Vespertina,Tercero,15.7,17.5,15.0,14.8,18.1,17.8,16.48,89.3,161,19,Sí
449,David,Castillo Jiménez,M,17,Loja,Matutina,Tercero,14.8,11.7,11.4,15.4,10.4,16.3,13.33,83.9,151,29,No
450,Jorge,Pérez Ramos,M,16,Santo Domingo,Vespertina,Tercero,14.8,15.6,16.8,13.9,16.1,15.6,15.47,77.4,139,41,Sí
451,Valentina,Soto Hernández,F,17,Ibarra,Matutina,Segundo,14.8,17.7,15.7,16.7,15.6,15.6,16.02,85.6,154,26,Sí
452,Camila,García Jiménez,F,16,Manta,Vespertina,Tercero,13.4,13.4,9.8,12.9,13.6,12.0,12.52,88.0,158,22,No
453,Melissa,Cruz Ramos,F,16,Manta,Matutina,Tercero,10.0,10.6,11.0,11.9,9.9,12.8,11.03,72.4,130,50,No
454,Carlos,García Mora,M,16,Guayaquil,Vespertina,Primero,17.1,19.9,19.1,18.3,16.6,17.9,18.15,94.8,171,9,Sí
455,Carlos,Medina Vargas,M,18,Santo Domingo,Vespertina,Primero,13.7,14.7,15.9,13.4,13.2,16.6,14.58,81.2,146,34,Sí
456,Gabriel,Pérez Soto,M,17,Ambato,Vespertina,Primero,15.2,16.5,15.8,17.2,13.7,15.0,15.57,81.1,146,34,Sí
457,Sofía,García Cruz,F,16,Loja,Vespertina,Tercero,17.1,18.2,15.5,18.0,17.9,18.5,17.53,100.0,180,0,Sí
458,Carolina,Mendoza Herrera,F,15,Quito,Vespertina,Tercero,15.1,15.5,15.1,17.1,17.2,16.6,16.1,84.1,151,29,Sí
459,Natalia,Núñez Álvarez,F,16,Guayaquil,Vespertina,Tercero,12.4,13.2,13.5,13.8,14.5,15.8,13.87,89.9,162,18,No
460,Lucía,Núñez Núñez,F,17,Esmeraldas,Vespertina,Tercero,9.4,13.1,9.1,14.5,10.3,10.7,11.18,86.1,155,25,No
461,Ana,Pérez González,F,15,Ambato,Matutina,Primero,10.4,11.5,10.7,11.7,12.0,11.2,11.25,64.1,115,65,No
462,Melissa,Cruz Rodríguez,F,16,Guayaquil,Vespertina,Primero,17.0,17.9,17.9,15.5,17.2,16.3,16.97,87.3,157,23,Sí
463,Pablo,Vega Romero,M,16,Riobamba,Matutina,Primero,12.7,11.0,12.9,12.8,11.6,11.9,12.15,75.9,137,43,No
464,Mateo,González García,M,15,Santo Domingo,Vespertina,Segundo,15.4,15.7,15.7,15.7,17.5,17.5,16.25,74.4,134,46,Sí
465,Sebastián,Ramos Martínez,M,17,Loja,Matutina,Tercero,18.4,17.3,15.1,17.1,16.9,19.6,17.4,91.8,165,15,Sí
466,Juan,Jiménez Vega,M,18,Manta,Matutina,Primero,12.5,15.5,13.2,11.0,14.3,13.3,13.3,82.2,148,32,No
467,Stephanie,Pérez Cruz,F,18,Riobamba,Vespertina,Segundo,13.7,14.7,15.2,13.2,13.7,15.0,14.25,83.8,151,29,Sí
468,Melissa,Herrera Torres,F,16,Santo Domingo,Matutina,Segundo,13.8,14.7,14.8,13.9,15.9,15.1,14.7,84.6,152,28,Sí
469,Lucía,Romero Martínez,F,15,Quito,Matutina,Tercero,15.3,16.3,15.2,15.0,15.6,17.7,15.85,94.0,169,11,Sí
470,Fernando,Hernández Ríos,M,16,Riobamba,Matutina,Primero,13.8,16.7,14.9,17.7,15.3,15.1,15.58,89.3,161,19,Sí
471,Sebastián,Hernández López,M,17,Guayaquil,Vespertina,Tercero,13.1,12.3,13.8,12.5,10.5,13.2,12.57,77.4,139,41,No
472,Lucía,Mendoza Soto,F,17,Riobamba,Vespertina,Primero,10.7,11.0,10.9,11.2,12.7,11.1,11.27,83.1,150,30,No
473,Ricardo,Soto Ortiz,M,16,Guayaquil,Vespertina,Segundo,18.2,18.8,19.6,19.7,17.2,17.2,18.45,90.5,163,17,Sí
474,Rebeca,Torres Pérez,F,17,Esmeraldas,Vespertina,Primero,13.8,14.8,15.0,13.5,12.6,15.8,14.25,76.8,138,42,Sí
475,Ana,Cruz Jiménez,F,18,Ibarra,Vespertina,Primero,11.8,10.9,11.4,13.1,14.2,14.1,12.58,77.0,139,41,No
476,Karina,Ortiz Morales,F,18,Riobamba,Matutina,Primero,15.2,16.5,15.1,16.6,15.7,19.0,16.35,84.2,152,28,Sí
477,Camila,Núñez Flores,F,18,Riobamba,Vespertina,Segundo,17.6,15.0,16.4,16.7,16.7,16.1,16.42,91.4,165,15,Sí
478,Valentina,Ríos Reyes,F,18,Manta,Matutina,Primero,10.9,13.9,14.8,16.4,14.7,15.5,14.37,90.1,162,18,Sí
479,Mateo,Reyes Rodríguez,M,16,Guayaquil,Matutina,Segundo,11.7,13.1,11.7,12.5,12.2,12.1,12.22,87.7,158,22,No
480,Luis,Mora Álvarez,M,18,Guayaquil,Matutina,Tercero,15.3,15.9,18.6,18.5,16.2,18.1,17.1,92.6,167,13,Sí
481,Isabella,Aguilar Flores,F,18,Ibarra,Vespertina,Tercero,15.6,14.9,13.9,17.3,15.5,16.7,15.65,97.6,176,4,Sí
482,Felipe,Soto Ríos,M,18,Loja,Vespertina,Tercero,13.6,14.3,13.1,12.5,12.4,13.5,13.23,84.0,151,29,No
483,Miguel,Ríos Reyes,M,18,Riobamba,Vespertina,Tercero,11.2,10.1,11.8,11.6,12.9,12.1,11.62,83.8,151,29,No
484,Paola,Vega Hernández,F,18,Quito,Vespertina,Primero,12.7,12.5,14.2,13.9,12.2,13.2,13.12,79.8,144,36,No
485,Andrea,Jiménez Núñez,F,17,Loja,Vespertina,Primero,12.6,9.5,11.1,11.5,9.8,13.4,11.32,87.4,157,23,No
486,Carolina,Núñez Ríos,F,18,Ambato,Vespertina,Primero,12.8,12.3,11.6,10.3,14.1,15.4,12.75,82.6,149,31,No
487,Stephanie,Díaz Vega,F,16,Quito,Matutina,Tercero,14.3,14.9,15.6,13.7,15.5,16.0,15.0,91.9,165,15,Sí
488,Valentina,Martínez Vega,F,15,Santo Domingo,Vespertina,Tercero,14.8,13.9,17.2,15.2,16.2,15.8,15.52,93.9,169,11,Sí
489,Nicolás,Flores Flores,M,16,Riobamba,Matutina,Primero,11.1,13.5,12.5,11.3,13.2,13.9,12.58,84.0,151,29,No
490,Ricardo,Núñez González,M,18,Ambato,Vespertina,Primero,12.1,14.5,12.1,12.8,12.1,14.7,13.05,77.3,139,41,No
491,Valeria,Aguilar Reyes,F,16,Cuenca,Matutina,Segundo,13.9,13.7,13.5,12.2,14.4,15.6,13.88,75.0,135,45,No
492,Valentina,Mendoza Ramos,F,18,Guayaquil,Matutina,Segundo,14.4,14.8,15.6,16.1,15.5,15.6,15.33,76.4,138,42,Sí
493,Esteban,Reyes Martínez,M,17,Manta,Matutina,Primero,15.0,13.4,15.4,15.7,15.0,14.5,14.83,79.3,143,37,Sí
494,Paola,Cruz Soto,F,16,Cuenca,Vespertina,Segundo,12.2,12.3,12.7,12.6,11.2,12.4,12.23,72.6,131,49,No
495,Mariana,Martínez Herrera,F,18,Manta,Matutina,Primero,17.1,16.3,18.2,16.2,16.7,18.3,17.13,86.0,155,25,Sí
496,Esteban,Vargas Pérez,M,18,Ibarra,Matutina,Primero,12.6,12.5,14.5,13.7,13.8,16.6,13.95,89.1,160,20,No
497,Cristian,Mendoza Díaz,M,18,Esmeraldas,Matutina,Segundo,11.4,11.3,10.3,12.2,11.7,11.4,11.38,80.9,146,34,No
498,Cristian,Hernández Flores,M,16,Cuenca,Vespertina,Primero,16.9,18.0,15.3,15.4,15.8,16.0,16.23,87.2,157,23,Sí
499,Mateo,González Reyes,M,17,Manta,Vespertina,Primero,12.8,12.5,11.4,11.9,10.3,12.9,11.97,86.5,156,24,No
500,Melissa,Castillo Reyes,F,15,Santo Domingo,Matutina,Segundo,11.6,11.7,15.1,14.1,12.7,14.1,13.22,84.5,152,28,No
501,Jorge,Romero Reyes,M,18,Guayaquil,Matutina,Primero,7.9,13.2,10.9,9.4,7.8,12.6,10.3,79.2,143,37,No
502,Karina,Flores Ortiz,F,16,Quito,Matutina,Segundo,13.9,15.2,12.3,10.4,14.3,14.3,13.4,86.7,156,24,No
503,Cristian,Romero López,M,17,Guayaquil,Vespertina,Tercero,12.8,13.0,11.6,12.5,10.6,14.0,12.42,87.7,158,22,No
504,Fernanda,Vega Medina,F,18,Manta,Matutina,Tercero,14.5,13.6,12.0,14.3,15.1,14.6,14.02,84.8,153,27,Sí
505,María,Núñez García,F,16,Riobamba,Vespertina,Segundo,11.8,13.7,13.8,14.0,15.9,15.3,14.08,80.9,146,34,Sí
506,Paola,Soto Mendoza,F,17,Riobamba,Matutina,Tercero,11.3,10.9,10.4,11.8,12.5,11.8,11.45,81.7,147,33,No
507,Daniela,López Soto,F,17,Ambato,Matutina,Segundo,10.6,10.5,8.6,10.8,9.9,11.1,10.25,87.9,158,22,No
508,David,Romero Vargas,M,18,Cuenca,Matutina,Tercero,13.5,12.2,13.3,13.7,11.8,13.6,13.02,93.3,168,12,No
509,Pablo,Aguilar Ríos,M,17,Ambato,Matutina,Tercero,17.5,17.0,17.3,16.4,19.2,19.2,17.77,86.6,156,24,Sí
510,Andrea,Ramos Reyes,F,17,Guayaquil,Vespertina,Segundo,9.5,12.6,11.6,10.7,10.4,13.0,11.3,80.4,145,35,No
511,Mateo,López Núñez,M,15,Ambato,Vespertina,Primero,14.8,14.0,14.1,15.0,13.7,14.9,14.42,84.4,152,28,Sí
512,Fernanda,Torres Rodríguez,F,18,Ambato,Vespertina,Primero,14.9,13.2,14.5,15.2,13.0,14.5,14.22,90.7,163,17,Sí
513,Andrés,Martínez Mora,M,15,Riobamba,Vespertina,Tercero,16.1,16.1,16.9,15.4,14.8,18.1,16.23,96.6,174,6,Sí
514,Jorge,Ramos Jiménez,M,18,Guayaquil,Vespertina,Primero,16.9,14.2,14.8,15.1,14.1,16.8,15.32,85.0,153,27,Sí
515,Fernando,Vargas Díaz,M,16,Guayaquil,Matutina,Primero,12.8,13.3,13.6,12.9,11.5,13.4,12.92,83.1,150,30,No
516,Isabella,Torres González,F,15,Quito,Matutina,Segundo,15.4,16.2,16.2,16.2,15.1,16.9,16.0,92.1,166,14,Sí
517,Lucía,Morales García,F,16,Quito,Matutina,Tercero,16.9,15.1,17.5,17.1,17.7,17.0,16.88,90.0,162,18,Sí
518,Daniel,Medina Medina,M,18,Esmeraldas,Vespertina,Tercero,13.9,14.8,14.8,16.4,16.6,17.4,15.65,93.4,168,12,Sí
519,Felipe,Medina Torres,M,18,Esmeraldas,Matutina,Primero,10.4,13.0,13.5,10.9,11.4,14.3,12.25,82.7,149,31,No
520,Andrés,Morales García,M,15,Cuenca,Vespertina,Segundo,14.3,15.5,14.0,13.9,14.3,14.9,14.48,91.4,165,15,Sí
521,Mateo,Ramos Castillo,M,16,Cuenca,Matutina,Primero,19.0,19.8,20.0,20.0,19.6,20.0,19.73,97.7,176,4,Sí
522,Jorge,Álvarez Torres,M,17,Loja,Matutina,Tercero,16.6,12.2,14.5,11.3,12.9,13.8,13.55,93.8,169,11,No
523,Cristian,Jiménez Medina,M,17,Loja,Vespertina,Tercero,12.0,12.6,11.6,11.9,9.7,12.5,11.72,80.6,145,35,No
524,Camila,Ramos Vargas,F,18,Ambato,Matutina,Segundo,15.2,13.4,15.5,16.3,16.0,14.4,15.13,81.6,147,33,Sí
525,Mateo,Medina Morales,M,18,Santo Domingo,Vespertina,Segundo,14.7,15.6,16.8,15.0,16.6,19.6,16.38,84.4,152,28,Sí
526,Jorge,Reyes Núñez,M,18,Esmeraldas,Matutina,Segundo,14.5,15.3,14.8,14.0,13.5,15.4,14.58,92.8,167,13,Sí
527,Andrea,Álvarez Álvarez,F,18,Riobamba,Vespertina,Segundo,14.3,16.1,15.3,16.1,13.9,14.9,15.1,96.7,174,6,Sí
528,David,Mora Torres,M,15,Guayaquil,Matutina,Segundo,17.2,16.9,16.9,17.9,15.5,19.5,17.32,88.0,158,22,Sí
529,Cristian,Mora Ramírez,M,15,Manta,Vespertina,Segundo,12.4,11.3,11.1,13.6,11.2,12.0,11.93,71.8,129,51,No
530,Alejandro,Torres Torres,M,16,Santo Domingo,Matutina,Tercero,12.4,13.2,11.7,14.6,13.2,15.1,13.37,87.7,158,22,No
531,Daniela,Álvarez Álvarez,F,15,Loja,Matutina,Tercero,12.5,11.4,11.9,10.9,11.0,11.9,11.6,82.4,148,32,No
532,Mariana,Flores Díaz,F,15,Esmeraldas,Matutina,Primero,18.3,19.3,16.0,18.6,15.1,16.6,17.32,100.0,180,0,Sí
533,Alejandro,López Castillo,M,18,Ambato,Vespertina,Primero,7.3,11.8,8.3,8.5,9.5,11.4,9.47,83.1,150,30,No
534,María,Hernández Pérez,F,15,Riobamba,Vespertina,Primero,18.4,20.0,18.8,18.9,17.3,19.1,18.75,96.1,173,7,Sí
535,Diego,González Castillo,M,18,Santo Domingo,Matutina,Segundo,14.3,11.6,12.8,13.1,10.1,13.8,12.62,74.9,135,45,No
536,Rebeca,Pérez Vargas,F,18,Manta,Matutina,Primero,15.8,14.8,15.5,13.6,14.4,16.6,15.12,80.4,145,35,Sí
537,Rebeca,Martínez Aguilar,F,15,Manta,Vespertina,Segundo,12.2,11.3,12.5,14.9,12.8,13.1,12.8,83.3,150,30,No
538,Melissa,Jiménez Mora,F,16,Esmeraldas,Matutina,Segundo,19.3,19.3,20.0,19.4,20.0,19.4,19.57,92.2,166,14,Sí
539,Daniel,Reyes Vega,M,15,Loja,Matutina,Primero,11.1,13.4,12.8,14.1,13.1,14.5,13.17,92.2,166,14,No
540,Paola,Díaz Aguilar,F,18,Ambato,Vespertina,Primero,15.2,14.9,15.7,14.6,14.4,14.2,14.83,93.1,168,12,Sí
541,Fernando,González Cruz,M,17,Cuenca,Matutina,Primero,14.7,15.1,16.9,17.2,16.0,17.9,16.3,93.2,168,12,Sí
542,Carolina,Hernández Pérez,F,15,Ibarra,Matutina,Segundo,13.4,12.3,15.0,13.0,13.4,12.6,13.28,79.9,144,36,No
543,Gabriel,García Martínez,M,18,Ambato,Matutina,Segundo,16.0,15.2,15.8,15.9,17.4,16.6,16.15,87.3,157,23,Sí
544,Juan,Aguilar Hernández,M,15,Riobamba,Matutina,Segundo,12.4,15.0,11.4,11.7,12.0,15.0,12.92,83.7,151,29,No
545,Isabella,García Jiménez,F,17,Quito,Vespertina,Primero,14.7,15.6,16.1,14.1,14.7,16.5,15.28,87.9,158,22,Sí
546,Valentina,Medina Castillo,F,16,Manta,Matutina,Tercero,15.3,17.9,14.2,18.3,16.0,16.4,16.35,93.1,168,12,Sí
547,Valeria,López Díaz,F,15,Esmeraldas,Vespertina,Segundo,15.8,17.9,16.1,18.2,17.8,18.8,17.43,90.3,163,17,Sí
548,Ricardo,Vega Torres,M,15,Quito,Matutina,Segundo,11.9,13.0,11.7,14.4,12.7,15.6,13.22,90.3,163,17,No
549,Camila,Ramírez Díaz,F,15,Ibarra,Vespertina,Tercero,14.6,12.3,14.3,16.2,13.2,15.5,14.35,98.2,177,3,Sí
550,Felipe,Mendoza Ramos,M,18,Ibarra,Vespertina,Primero,15.7,16.2,16.4,16.0,16.3,18.5,16.52,91.3,164,16,Sí
551,Juan,Romero Castillo,M,16,Ambato,Matutina,Segundo,15.2,14.6,15.4,14.9,15.5,17.1,15.45,85.7,154,26,Sí
552,David,Ramos Ríos,M,18,Guayaquil,Vespertina,Segundo,15.7,17.9,15.4,17.9,15.8,17.9,16.77,95.7,172,8,Sí
553,Andrea,Ramos López,F,17,Esmeraldas,Matutina,Tercero,13.0,12.6,12.1,14.0,11.8,15.3,13.13,86.6,156,24,No
554,Daniela,González Mora,F,16,Quito,Matutina,Tercero,14.4,13.7,13.8,15.8,12.8,16.8,14.55,82.0,148,32,Sí
555,Ricardo,Núñez Martínez,M,15,Riobamba,Matutina,Primero,15.7,12.7,15.9,13.9,14.1,18.0,15.05,82.8,149,31,Sí
556,Alejandro,Mora Reyes,M,16,Ambato,Vespertina,Primero,13.2,12.0,12.3,12.4,11.7,12.6,12.37,71.2,128,52,No
557,David,Torres Mendoza,M,16,Quito,Matutina,Primero,8.7,8.5,9.2,11.8,11.3,10.5,10.0,81.4,147,33,No
558,Fernanda,Medina Flores,F,18,Esmeraldas,Vespertina,Tercero,14.3,18.0,16.6,16.4,14.9,15.9,16.02,86.2,155,25,Sí
559,Alejandro,Medina Flores,M,15,Cuenca,Vespertina,Primero,16.8,16.6,14.3,16.3,14.6,17.4,16.0,89.7,161,19,Sí
560,Sebastián,Cruz Hernández,M,15,Santo Domingo,Matutina,Primero,16.0,17.6,15.9,15.2,17.7,16.2,16.43,76.3,137,43,Sí
561,Juan,López Flores,M,15,Riobamba,Matutina,Segundo,16.3,16.4,16.3,17.9,15.8,16.8,16.58,87.4,157,23,Sí
562,Diego,Pérez Vargas,M,15,Riobamba,Vespertina,Segundo,18.9,20.0,19.2,20.0,20.0,18.0,19.35,98.8,178,2,Sí
563,Paola,Mendoza Martínez,F,17,Loja,Matutina,Primero,6.8,9.4,8.4,6.6,9.4,10.8,8.57,80.2,144,36,No
564,Nicolás,Álvarez Mendoza,M,18,Ibarra,Vespertina,Tercero,13.9,16.1,14.8,12.4,13.4,13.6,14.03,95.5,172,8,Sí
565,Melissa,Torres Mendoza,F,18,Riobamba,Matutina,Segundo,12.8,16.8,18.7,14.3,16.7,14.2,15.58,86.9,156,24,Sí
566,Miguel,Ramos Vargas,M,15,Cuenca,Vespertina,Primero,11.4,13.9,9.8,11.7,12.4,14.1,12.22,88.9,160,20,No
567,Felipe,Pérez Hernández,M,15,Guayaquil,Vespertina,Tercero,19.2,17.3,16.1,18.0,15.9,19.3,17.63,83.0,149,31,Sí
568,Miguel,Mora Castillo,M,18,Guayaquil,Vespertina,Primero,10.5,8.1,7.5,8.2,7.1,11.0,8.73,76.6,138,42,No
569,Gabriela,Torres Ramírez,F,15,Manta,Matutina,Primero,13.2,12.9,13.6,11.3,12.2,13.3,12.75,92.1,166,14,No
570,Jorge,Martínez Romero,M,16,Riobamba,Vespertina,Segundo,9.3,7.2,9.8,9.3,8.0,8.7,8.72,77.7,140,40,No
571,Natalia,González Soto,F,17,Ambato,Vespertina,Tercero,12.6,15.0,15.5,16.1,14.6,13.4,14.53,81.6,147,33,Sí
572,David,Ramos Medina,M,18,Ambato,Vespertina,Segundo,12.4,11.9,14.0,13.1,12.9,13.0,12.88,82.1,148,32,No
573,Juan,Ramos Cruz,M,18,Manta,Matutina,Primero,8.4,9.4,8.1,6.7,9.3,9.3,8.53,72.0,130,50,No
574,Cristian,Jiménez Rodríguez,M,16,Loja,Matutina,Tercero,13.1,15.6,12.7,13.5,10.9,14.9,13.45,86.9,156,24,No
575,Carlos,Morales Aguilar,M,15,Cuenca,Vespertina,Segundo,18.1,18.0,19.6,19.3,15.3,19.8,18.35,96.9,174,6,Sí
576,Rebeca,Reyes González,F,18,Ambato,Matutina,Primero,16.1,17.7,15.1,13.8,15.2,16.1,15.67,83.7,151,29,Sí
577,Fernando,Ramos Soto,M,18,Manta,Vespertina,Segundo,10.4,10.2,11.3,11.5,10.4,10.4,10.7,64.9,117,63,No
578,Fernanda,Medina Aguilar,F,15,Esmeraldas,Matutina,Segundo,8.4,10.6,8.9,11.3,10.3,11.4,10.15,88.2,159,21,No
579,Alejandro,Soto Medina,M,15,Riobamba,Vespertina,Primero,10.0,11.7,11.3,10.0,12.8,14.0,11.63,94.0,169,11,No
580,Gabriel,Medina Hernández,M,15,Ibarra,Vespertina,Segundo,13.3,13.6,13.3,14.0,10.5,13.0,12.95,99.8,180,0,No
581,Carolina,Castillo Hernández,F,18,Quito,Matutina,Segundo,18.3,16.7,16.6,15.5,14.7,16.4,16.37,83.4,150,30,Sí
582,Karina,Castillo Vargas,F,16,Guayaquil,Matutina,Primero,14.8,14.6,14.8,14.0,14.9,16.3,14.9,82.3,148,32,Sí
583,Sofía,Castillo Ramírez,F,17,Riobamba,Matutina,Segundo,10.1,14.0,11.8,10.9,13.2,14.5,12.42,79.4,143,37,No
584,Nicolás,Romero Herrera,M,16,Riobamba,Matutina,Segundo,13.8,12.8,14.4,13.3,12.9,13.8,13.5,90.1,162,18,No
585,Mateo,Ortiz López,M,17,Loja,Vespertina,Primero,16.6,15.7,17.4,16.6,17.0,16.8,16.68,99.8,180,0,Sí
586,Pablo,Aguilar Núñez,M,17,Esmeraldas,Vespertina,Primero,15.7,17.5,18.7,16.9,15.3,16.9,16.83,96.2,173,7,Sí
587,Isabella,Morales Ríos,F,18,Santo Domingo,Matutina,Segundo,20.0,19.7,19.9,20.0,17.7,20.0,19.55,100.0,180,0,Sí
588,Gabriela,Herrera Mendoza,F,18,Santo Domingo,Matutina,Segundo,17.5,15.4,14.5,15.8,12.5,17.6,15.55,95.4,172,8,Sí
589,Sofía,Flores Reyes,F,17,Guayaquil,Matutina,Primero,10.5,8.3,11.3,11.7,10.6,10.4,10.47,67.5,122,58,No
590,Stephanie,Mora Aguilar,F,16,Santo Domingo,Vespertina,Tercero,13.5,12.9,13.8,14.6,14.8,15.3,14.15,85.6,154,26,Sí
591,Mariana,Aguilar Morales,F,16,Ibarra,Matutina,Tercero,13.0,14.3,15.8,13.4,14.1,14.3,14.15,83.1,150,30,Sí
592,Ana,Reyes Cruz,F,18,Cuenca,Vespertina,Primero,14.0,16.8,16.3,13.5,15.4,15.2,15.2,82.1,148,32,Sí
593,Esteban,Jiménez Pérez,M,17,Ibarra,Matutina,Segundo,16.0,13.1,14.5,14.8,13.0,15.5,14.48,90.1,162,18,Sí
594,Alejandro,Morales García,M,15,Riobamba,Vespertina,Primero,16.7,16.5,16.0,16.5,14.6,16.5,16.13,85.8,154,26,Sí
595,Carolina,Flores Morales,F,18,Cuenca,Vespertina,Primero,14.3,12.7,12.1,13.3,12.3,13.4,13.02,90.5,163,17,No
596,Sebastián,Flores Martínez,M,16,Riobamba,Vespertina,Tercero,11.2,11.9,10.1,9.3,14.5,11.5,11.42,86.2,155,25,No
597,Camila,Díaz Vega,F,18,Ibarra,Vespertina,Primero,16.4,16.6,16.9,16.6,13.7,17.0,16.2,89.1,160,20,Sí
598,Andrea,Mendoza Aguilar,F,15,Riobamba,Vespertina,Segundo,17.7,18.5,16.5,19.0,17.5,18.0,17.87,90.2,162,18,Sí
599,Gabriela,Herrera Soto,F,18,Ambato,Vespertina,Tercero,15.3,15.0,15.2,14.1,15.9,18.4,15.65,85.1,153,27,Sí
600,Miguel,Jiménez Martínez,M,17,Ambato,Matutina,Segundo,13.8,13.4,13.9,12.6,10.9,13.7,13.05,87.8,158,22,No
601,Valeria,Martínez Vargas,F,18,Quito,Vespertina,Primero,13.7,15.0,13.2,15.3,13.4,15.1,14.28,87.3,157,23,Sí
602,Daniela,Flores Cruz,F,17,Esmeraldas,Matutina,Segundo,15.4,17.2,13.7,15.5,14.2,15.3,15.22,75.5,136,44,Sí
603,Carolina,Aguilar Ríos,F,17,Esmeraldas,Vespertina,Primero,11.9,12.0,10.7,14.6,13.6,14.9,12.95,89.2,161,19,No
604,Sebastián,Medina Álvarez,M,15,Guayaquil,Vespertina,Segundo,15.7,13.0,17.0,18.6,16.8,17.5,16.43,84.3,152,28,Sí
605,Carolina,Álvarez Ortiz,F,15,Riobamba,Matutina,Segundo,11.0,15.1,13.4,13.9,11.7,13.3,13.07,84.9,153,27,No
606,Sebastián,Aguilar Soto,M,18,Santo Domingo,Matutina,Primero,13.2,15.4,13.6,14.6,13.7,15.0,14.25,93.2,168,12,Sí
607,Pablo,Álvarez Vargas,M,17,Manta,Matutina,Segundo,13.7,12.9,14.4,14.9,13.9,15.4,14.2,92.7,167,13,Sí
608,David,Ramos Ríos,M,15,Ambato,Matutina,Tercero,19.5,19.6,16.2,16.3,16.6,20.0,18.03,94.5,170,10,Sí
609,Ricardo,Núñez Mendoza,M,17,Loja,Matutina,Tercero,13.6,10.9,13.5,16.2,13.9,16.6,14.12,69.0,124,56,Sí
610,Alejandro,Ortiz Ramírez,M,16,Santo Domingo,Matutina,Segundo,12.2,14.3,13.3,11.0,12.7,14.1,12.93,82.5,148,32,No
611,Sofía,Cruz Hernández,F,18,Cuenca,Matutina,Primero,9.0,10.7,12.2,13.0,10.5,14.9,11.72,85.3,154,26,No
612,Andrés,González López,M,18,Ambato,Vespertina,Tercero,11.1,10.7,8.8,10.7,10.9,10.0,10.37,78.7,142,38,No
613,Luis,González Torres,M,15,Manta,Matutina,Tercero,12.6,13.4,16.7,15.0,12.0,14.8,14.08,86.6,156,24,Sí
614,Daniel,Vega Romero,M,18,Cuenca,Vespertina,Segundo,12.3,13.6,12.4,13.4,12.7,14.1,13.08,90.9,164,16,No
615,Pablo,Núñez Soto,M,18,Cuenca,Matutina,Primero,16.1,15.4,16.1,16.8,15.0,18.3,16.28,79.1,142,38,Sí
616,Daniel,Hernández Rodríguez,M,16,Guayaquil,Vespertina,Segundo,18.4,18.2,15.9,20.0,17.5,18.6,18.1,94.8,171,9,Sí
617,Karina,Hernández Herrera,F,18,Cuenca,Vespertina,Tercero,16.6,15.4,18.5,18.3,14.5,14.8,16.35,92.0,166,14,Sí
618,Carlos,Ramos Mora,M,16,Cuenca,Vespertina,Primero,8.9,11.9,10.8,9.5,11.6,12.0,10.78,84.9,153,27,No
619,Mateo,González Hernández,M,18,Loja,Vespertina,Segundo,11.9,14.6,11.9,15.1,12.2,16.4,13.68,82.0,148,32,No
620,Mariana,Cruz Castillo,F,18,Ibarra,Matutina,Segundo,14.1,13.7,10.6,12.6,12.6,12.7,12.72,87.9,158,22,No
621,Carlos,Morales Castillo,M,18,Cuenca,Matutina,Primero,16.2,14.9,16.7,14.0,15.9,17.3,15.83,91.6,165,15,Sí
622,Gabriela,Pérez Soto,F,16,Quito,Matutina,Primero,13.1,11.1,11.3,12.0,12.2,12.0,11.95,79.3,143,37,No
623,Daniel,Soto Mendoza,M,16,Quito,Matutina,Segundo,11.1,11.5,12.9,11.2,8.5,12.5,11.28,77.7,140,40,No
624,Valeria,Reyes Aguilar,F,17,Santo Domingo,Matutina,Segundo,14.6,14.8,13.4,13.5,14.4,15.9,14.43,80.6,145,35,Sí
625,Mariana,Medina Soto,F,17,Esmeraldas,Vespertina,Tercero,16.0,18.6,15.7,16.6,13.3,18.6,16.47,88.4,159,21,Sí
626,Felipe,Jiménez Hernández,M,15,Santo Domingo,Vespertina,Segundo,10.8,10.8,11.4,12.2,10.4,13.4,11.5,80.9,146,34,No
627,Karina,Vega Ramos,F,17,Quito,Matutina,Segundo,15.5,16.0,15.4,15.8,15.6,15.7,15.67,91.6,165,15,Sí
628,David,López Romero,M,15,Esmeraldas,Vespertina,Primero,20.0,19.9,18.5,20.0,19.3,17.5,19.2,87.6,158,22,Sí
629,Carolina,González Medina,F,15,Loja,Vespertina,Tercero,12.6,14.3,14.2,14.2,14.2,13.7,13.87,85.9,155,25,No
630,Miguel,Herrera Álvarez,M,15,Guayaquil,Matutina,Primero,14.1,12.2,13.8,13.3,14.7,14.2,13.72,83.4,150,30,No
631,Melissa,Ríos González,F,17,Manta,Vespertina,Tercero,11.2,9.7,12.2,9.6,9.6,11.9,10.7,78.2,141,39,No
632,Esteban,Ortiz Cruz,M,15,Quito,Matutina,Segundo,10.3,12.7,13.7,13.4,14.0,14.9,13.17,87.0,157,23,No
633,Rebeca,Morales Morales,F,15,Guayaquil,Matutina,Tercero,13.5,12.8,12.7,14.1,14.4,13.2,13.45,86.1,155,25,No
634,Ana,Morales Ramos,F,17,Riobamba,Vespertina,Tercero,15.5,15.0,13.6,17.2,15.9,15.6,15.47,84.3,152,28,Sí
635,Ana,Mendoza Ortiz,F,15,Ambato,Matutina,Primero,11.9,10.8,12.2,12.8,12.2,12.8,12.12,79.6,143,37,No
636,Melissa,Ortiz Castillo,F,18,Guayaquil,Matutina,Primero,14.0,11.9,16.3,13.8,14.4,16.3,14.45,77.4,139,41,Sí
637,Daniela,Medina Aguilar,F,18,Guayaquil,Vespertina,Segundo,20.0,20.0,18.5,20.0,19.7,20.0,19.7,88.8,160,20,Sí
638,Andrea,Cruz Pérez,F,15,Ambato,Matutina,Tercero,11.7,13.3,13.0,13.6,12.3,14.0,12.98,88.1,159,21,No
639,Stephanie,Pérez Herrera,F,17,Cuenca,Matutina,Primero,13.1,11.6,13.2,12.3,12.8,15.8,13.13,76.3,137,43,No
640,Ricardo,Morales Mora,M,18,Quito,Matutina,Primero,14.1,13.1,15.6,16.3,15.0,13.6,14.62,90.4,163,17,Sí
641,Miguel,Núñez Álvarez,M,16,Santo Domingo,Vespertina,Primero,10.9,8.9,10.4,12.8,13.0,11.2,11.2,86.1,155,25,No
642,Luis,Pérez Aguilar,M,16,Riobamba,Matutina,Tercero,10.4,12.3,14.5,10.8,10.8,12.1,11.82,82.2,148,32,No
643,Stephanie,Soto Ramos,F,15,Santo Domingo,Vespertina,Segundo,12.6,14.5,12.4,13.7,13.4,14.0,13.43,87.0,157,23,No
644,Cristian,Mendoza Hernández,M,18,Riobamba,Vespertina,Tercero,15.9,15.5,16.2,18.5,18.3,16.3,16.78,100.0,180,0,Sí
645,Andrés,Ortiz García,M,18,Guayaquil,Vespertina,Tercero,13.9,11.4,15.1,15.1,13.4,14.7,13.93,83.3,150,30,No
646,Fernando,Castillo Jiménez,M,15,Ambato,Vespertina,Primero,15.3,18.6,14.2,17.6,15.0,15.9,16.1,76.9,138,42,Sí
647,Pablo,Flores Ramírez,M,17,Manta,Vespertina,Tercero,17.7,20.0,17.6,18.2,18.1,19.6,18.53,96.3,173,7,Sí
648,Natalia,Hernández Romero,F,18,Ambato,Vespertina,Primero,8.9,9.3,12.6,11.2,7.0,12.0,10.17,71.8,129,51,No
649,Natalia,Vargas Hernández,F,18,Ambato,Matutina,Tercero,17.0,15.5,15.3,15.5,17.3,16.2,16.13,87.7,158,22,Sí
650,Daniela,López López,F,15,Riobamba,Matutina,Tercero,17.3,16.8,16.3,16.6,18.5,17.9,17.23,99.5,179,1,Sí
651,Carolina,Hernández Torres,F,16,Manta,Matutina,Tercero,15.7,13.3,15.3,14.0,14.4,16.0,14.78,89.1,160,20,Sí
652,Esteban,Ramos Rodríguez,M,15,Santo Domingo,Matutina,Primero,15.3,15.7,15.1,15.6,16.0,13.5,15.2,87.5,158,22,Sí
653,Ricardo,López Cruz,M,15,Ambato,Vespertina,Segundo,16.4,14.3,14.6,15.8,14.1,18.6,15.63,82.9,149,31,Sí
654,Diego,Díaz Morales,M,18,Esmeraldas,Matutina,Primero,10.1,11.2,12.4,12.7,9.4,11.7,11.25,81.2,146,34,No
655,Valentina,Núñez Pérez,F,15,Loja,Matutina,Primero,13.9,13.5,13.1,13.4,12.2,13.8,13.32,81.7,147,33,No
656,Valeria,Reyes Vargas,F,18,Ambato,Vespertina,Primero,11.2,13.0,10.1,8.0,12.0,12.8,11.18,77.7,140,40,No
657,Daniel,Reyes Núñez,M,18,Riobamba,Vespertina,Segundo,12.0,12.4,12.0,14.4,11.8,15.4,13.0,86.8,156,24,No
658,Pablo,Ramírez Romero,M,18,Manta,Vespertina,Segundo,15.3,15.0,13.9,17.0,14.1,16.0,15.22,83.6,150,30,Sí
659,Valentina,García Díaz,F,15,Loja,Matutina,Segundo,11.0,11.9,12.2,12.9,11.6,13.8,12.23,83.9,151,29,No
660,Esteban,Núñez Ortiz,M,18,Riobamba,Vespertina,Segundo,17.3,17.8,17.0,17.7,16.8,18.7,17.55,82.5,148,32,Sí
661,Gabriela,Romero García,F,17,Quito,Matutina,Segundo,14.5,17.5,13.1,17.0,15.1,15.8,15.5,85.9,155,25,Sí
662,Ricardo,Aguilar Flores,M,17,Loja,Vespertina,Segundo,15.1,14.5,13.1,13.8,12.0,17.5,14.33,76.9,138,42,Sí
663,Nicolás,Mendoza Rodríguez,M,15,Ambato,Matutina,Primero,16.6,17.4,15.6,13.2,14.0,15.7,15.42,85.4,154,26,Sí
664,Luis,Ramírez Núñez,M,15,Guayaquil,Matutina,Segundo,10.4,10.3,8.0,8.6,9.2,11.2,9.62,82.8,149,31,No
665,Mateo,Ramos González,M,18,Santo Domingo,Matutina,Tercero,14.6,16.1,14.6,13.8,15.1,18.9,15.52,88.0,158,22,Sí
666,Sofía,Morales Castillo,F,16,Ambato,Matutina,Primero,16.4,16.2,17.0,16.5,16.1,16.2,16.4,91.9,165,15,Sí
667,Lucía,Medina Álvarez,F,16,Ibarra,Matutina,Primero,15.3,16.5,17.6,15.2,12.8,15.9,15.55,89.2,161,19,Sí
668,Jorge,Ramos Romero,M,15,Cuenca,Vespertina,Primero,15.8,15.3,16.7,15.9,17.4,17.2,16.38,84.1,151,29,Sí
669,Nicolás,Reyes Pérez,M,16,Riobamba,Vespertina,Tercero,13.9,16.0,14.5,15.4,12.3,17.4,14.92,87.7,158,22,Sí
670,Gabriel,Ramírez Vargas,M,18,Ibarra,Vespertina,Primero,14.8,14.2,16.5,15.8,15.6,16.6,15.58,87.1,157,23,Sí
671,David,Torres Núñez,M,18,Riobamba,Vespertina,Primero,15.3,17.4,14.6,14.1,15.1,16.6,15.52,81.2,146,34,Sí
672,María,Rodríguez Hernández,F,18,Manta,Matutina,Primero,10.9,11.8,12.2,13.9,11.0,12.2,12.0,76.7,138,42,No
673,David,Núñez López,M,16,Quito,Vespertina,Segundo,13.2,14.0,14.6,15.4,14.8,13.9,14.32,96.9,174,6,Sí
674,Miguel,Vega Rodríguez,M,15,Manta,Vespertina,Segundo,12.6,14.1,12.2,13.7,13.5,16.0,13.68,86.9,156,24,No
675,Stephanie,Vega Herrera,F,18,Guayaquil,Vespertina,Tercero,10.4,12.2,13.1,13.6,12.6,16.9,13.13,82.8,149,31,No
676,Carolina,Pérez Aguilar,F,15,Ambato,Vespertina,Tercero,15.2,15.4,13.6,13.9,17.3,13.6,14.83,88.9,160,20,Sí
677,Natalia,Jiménez Romero,F,18,Manta,Vespertina,Primero,14.3,13.6,12.2,14.8,11.5,14.4,13.47,94.6,170,10,No
678,Valentina,García Cruz,F,16,Santo Domingo,Matutina,Tercero,14.8,13.1,12.8,12.7,12.4,16.2,13.67,86.2,155,25,No
679,Rebeca,Rodríguez Martínez,F,18,Manta,Matutina,Segundo,12.7,16.2,14.9,14.8,15.4,13.6,14.6,70.8,127,53,Sí
680,Andrés,Medina Ramírez,M,16,Ambato,Vespertina,Tercero,14.8,13.7,16.9,15.0,13.7,16.7,15.13,82.1,148,32,Sí
681,David,Mora Flores,M,17,Cuenca,Vespertina,Tercero,17.2,14.4,17.2,17.7,15.5,17.9,16.65,90.6,163,17,Sí
682,Rebeca,Mora Ortiz,F,18,Ibarra,Matutina,Segundo,16.5,14.1,17.4,17.4,15.3,15.7,16.07,85.9,155,25,Sí
683,Andrea,Álvarez Reyes,F,18,Santo Domingo,Matutina,Tercero,13.9,12.5,12.6,12.7,13.4,11.7,12.8,78.1,141,39,No
684,Ana,Vega Ramos,F,18,Cuenca,Vespertina,Tercero,15.0,13.2,14.0,12.4,13.0,14.0,13.6,88.6,159,21,No
685,Karina,Rodríguez Soto,F,17,Esmeraldas,Vespertina,Tercero,10.6,11.5,10.9,9.5,10.6,11.4,10.75,81.1,146,34,No
686,Camila,Torres Núñez,F,16,Manta,Vespertina,Tercero,15.5,15.6,13.7,16.0,15.1,16.3,15.37,84.6,152,28,Sí
687,Felipe,Pérez Rodríguez,M,18,Quito,Vespertina,Segundo,13.8,13.7,10.6,15.7,14.0,12.1,13.32,73.3,132,48,No
688,Karina,Rodríguez Reyes,F,16,Quito,Matutina,Primero,13.4,11.4,13.8,14.9,11.2,13.3,13.0,81.3,146,34,No
689,Carolina,Herrera Ramírez,F,18,Riobamba,Matutina,Segundo,16.5,18.5,19.1,18.3,17.2,18.5,18.02,88.2,159,21,Sí
690,Ana,Mora Mora,F,17,Cuenca,Vespertina,Tercero,17.2,17.7,18.4,19.1,17.7,17.8,17.98,97.0,175,5,Sí
691,Juan,Ortiz González,M,17,Esmeraldas,Vespertina,Segundo,11.8,10.5,12.1,14.7,11.7,14.4,12.53,90.3,163,17,No
692,Valeria,Mendoza Herrera,F,16,Esmeraldas,Vespertina,Primero,11.7,11.0,11.0,11.9,12.2,12.8,11.77,91.2,164,16,No
693,Diego,Herrera Rodríguez,M,18,Santo Domingo,Vespertina,Primero,16.9,14.8,14.9,14.4,15.1,15.3,15.23,94.7,170,10,Sí
694,Sofía,Martínez Mendoza,F,17,Guayaquil,Matutina,Tercero,13.2,12.6,9.8,10.4,12.1,11.9,11.67,79.7,143,37,No
695,Sebastián,Ramírez Cruz,M,18,Manta,Matutina,Primero,11.6,10.7,9.8,11.8,11.7,12.8,11.4,83.7,151,29,No
696,Miguel,Núñez García,M,17,Riobamba,Matutina,Segundo,14.5,15.8,15.4,13.3,11.3,14.8,14.18,79.1,142,38,Sí
697,Carolina,Mendoza Núñez,F,16,Guayaquil,Vespertina,Segundo,11.1,11.4,12.4,13.0,12.0,13.7,12.27,80.5,145,35,No
698,María,Torres Soto,F,17,Manta,Vespertina,Tercero,12.5,16.2,14.7,15.3,12.9,14.8,14.4,77.4,139,41,Sí
699,Paola,Mendoza Martínez,F,15,Esmeraldas,Vespertina,Segundo,13.4,13.7,13.1,14.5,13.7,14.3,13.78,87.8,158,22,No
700,Ana,Torres Cruz,F,15,Esmeraldas,Matutina,Segundo,20.0,18.4,17.3,18.0,19.5,20.0,18.87,96.8,174,6,Sí
701,Diego,Martínez Cruz,M,16,Loja,Vespertina,Segundo,12.6,15.9,13.8,13.8,15.1,15.1,14.38,88.4,159,21,Sí
702,María,Castillo Cruz,F,15,Riobamba,Vespertina,Tercero,12.5,12.8,10.8,11.5,12.2,13.3,12.18,86.9,156,24,No
703,Andrea,Mora Martínez,F,16,Ambato,Matutina,Tercero,13.9,13.1,12.9,11.0,12.1,13.6,12.77,87.1,157,23,No
704,Luis,López Martínez,M,16,Santo Domingo,Matutina,Segundo,10.3,9.8,8.9,8.9,8.6,11.8,9.72,75.5,136,44,No
705,Andrés,Ramírez Castillo,M,16,Santo Domingo,Vespertina,Primero,13.2,14.8,13.4,15.8,14.6,14.5,14.38,89.7,161,19,Sí
706,Luis,Morales Núñez,M,18,Esmeraldas,Vespertina,Segundo,15.0,14.2,13.6,11.9,11.9,15.1,13.62,91.3,164,16,No
707,Luis,Torres Medina,M,18,Santo Domingo,Matutina,Primero,16.5,17.1,16.8,18.5,16.8,17.4,17.18,88.3,159,21,Sí
708,María,Ramos Jiménez,F,18,Santo Domingo,Matutina,Primero,17.6,18.4,17.2,18.0,16.7,19.8,17.95,90.1,162,18,Sí
709,Fernanda,Ríos Vega,F,16,Quito,Vespertina,Tercero,15.1,13.6,12.9,15.8,14.2,15.1,14.45,90.3,163,17,Sí
710,Mariana,Álvarez Reyes,F,17,Cuenca,Vespertina,Segundo,15.5,13.1,15.9,16.2,16.3,13.8,15.13,90.6,163,17,Sí
711,Natalia,Romero Jiménez,F,15,Esmeraldas,Vespertina,Segundo,14.9,16.2,14.0,13.8,15.8,16.1,15.13,80.6,145,35,Sí
712,Fernando,Álvarez García,M,18,Quito,Vespertina,Primero,11.3,10.0,10.6,9.8,12.4,12.0,11.02,79.2,143,37,No
713,Sofía,Álvarez Hernández,F,17,Manta,Vespertina,Segundo,18.6,18.9,18.6,19.2,17.7,18.6,18.6,100.0,180,0,Sí
714,Rebeca,Díaz Martínez,F,16,Quito,Vespertina,Segundo,17.2,15.4,16.0,14.2,15.6,16.2,15.77,93.2,168,12,Sí
715,Pablo,López Torres,M,16,Loja,Vespertina,Tercero,14.4,17.0,16.6,15.9,14.7,18.8,16.23,85.2,153,27,Sí
716,Valeria,Flores Mendoza,F,15,Cuenca,Vespertina,Primero,16.0,17.2,15.9,16.4,16.3,18.2,16.67,86.9,156,24,Sí
717,Daniela,Jiménez Soto,F,15,Cuenca,Vespertina,Tercero,10.4,10.5,11.0,10.1,8.2,10.9,10.18,73.3,132,48,No
718,Pablo,Ríos Martínez,M,18,Ibarra,Vespertina,Segundo,12.9,15.8,13.2,14.6,13.1,16.3,14.32,81.2,146,34,Sí
719,Felipe,Álvarez Aguilar,M,18,Loja,Matutina,Segundo,15.7,16.2,15.4,17.7,16.2,19.2,16.73,90.5,163,17,Sí
720,Cristian,Torres Vega,M,18,Esmeraldas,Matutina,Tercero,18.6,19.9,18.7,19.6,15.4,20.0,18.7,84.5,152,28,Sí
721,Juan,Núñez Álvarez,M,15,Cuenca,Matutina,Segundo,12.2,14.2,14.4,12.0,12.4,13.6,13.13,75.4,136,44,No
722,Miguel,Vargas Ramos,M,18,Riobamba,Vespertina,Primero,14.3,16.8,15.7,15.5,17.4,15.1,15.8,80.7,145,35,Sí
723,Andrés,Aguilar Mora,M,17,Santo Domingo,Vespertina,Tercero,10.0,13.1,12.0,13.9,12.4,13.7,12.52,84.1,151,29,No
724,Miguel,Núñez García,M,17,Santo Domingo,Vespertina,Segundo,7.1,9.3,6.2,7.4,9.1,10.0,8.18,72.1,130,50,No
725,Lucía,Díaz Jiménez,F,17,Cuenca,Matutina,Primero,17.5,15.2,17.7,17.2,14.9,17.5,16.67,87.0,157,23,Sí
726,Isabella,Rodríguez Flores,F,17,Santo Domingo,Vespertina,Primero,14.0,12.9,16.6,12.0,13.1,11.5,13.35,82.4,148,32,No
727,Cristian,Soto Vargas,M,16,Quito,Matutina,Tercero,12.0,12.9,10.8,13.5,11.9,14.5,12.6,88.9,160,20,No
728,Stephanie,González Soto,F,18,Manta,Matutina,Tercero,12.5,11.2,12.2,14.1,12.8,16.5,13.22,93.6,168,12,No
729,Nicolás,Ríos López,M,16,Guayaquil,Vespertina,Primero,12.9,14.1,13.0,13.3,13.9,13.0,13.37,78.7,142,38,No
730,Valentina,Mora Medina,F,17,Ambato,Matutina,Tercero,18.6,18.9,17.3,18.5,19.2,20.0,18.75,85.3,154,26,Sí
731,Daniel,Flores González,M,16,Guayaquil,Matutina,Primero,13.3,15.4,13.3,13.8,16.1,16.0,14.65,79.6,143,37,Sí
732,Nicolás,Cruz Vargas,M,16,Manta,Matutina,Segundo,11.0,10.8,10.8,11.0,10.5,12.4,11.08,83.6,150,30,No
733,Andrea,Álvarez Díaz,F,16,Riobamba,Matutina,Primero,19.0,20.0,20.0,20.0,19.2,19.0,19.53,82.5,148,32,Sí
734,Karina,Reyes Herrera,F,16,Quito,Vespertina,Segundo,11.9,14.6,14.7,14.5,14.4,14.5,14.1,82.7,149,31,Sí
735,Andrea,Jiménez Ramírez,F,15,Manta,Vespertina,Tercero,16.6,18.2,17.7,17.1,16.5,19.7,17.63,80.3,145,35,Sí
736,Gabriel,Mendoza Díaz,M,16,Esmeraldas,Matutina,Tercero,14.2,13.5,13.4,12.5,11.6,15.7,13.48,86.0,155,25,No
737,Nicolás,Castillo Pérez,M,16,Ibarra,Vespertina,Tercero,14.6,16.7,15.4,14.2,14.5,17.2,15.43,88.7,160,20,Sí
738,Pablo,Rodríguez Vargas,M,18,Santo Domingo,Matutina,Primero,13.7,14.3,12.7,12.9,15.5,15.2,14.05,87.3,157,23,Sí
739,Camila,Soto Aguilar,F,17,Guayaquil,Matutina,Primero,9.9,12.0,11.9,12.0,11.5,11.3,11.43,83.5,150,30,No
740,Daniela,Soto Mendoza,F,17,Loja,Vespertina,Tercero,13.4,12.7,13.1,14.1,14.8,14.2,13.72,80.0,144,36,No
741,Ricardo,Castillo Ramírez,M,18,Manta,Matutina,Segundo,17.3,16.3,15.1,17.1,15.1,16.7,16.27,91.1,164,16,Sí
742,Gabriela,Álvarez Morales,F,18,Esmeraldas,Matutina,Tercero,19.8,20.0,19.9,20.0,19.0,20.0,19.78,100.0,180,0,Sí
743,Miguel,Jiménez Mendoza,M,18,Ibarra,Matutina,Primero,12.9,12.2,12.6,14.3,13.2,14.7,13.32,78.4,141,39,No
744,David,Medina Pérez,M,18,Ibarra,Vespertina,Segundo,13.8,13.1,11.8,13.8,10.9,13.3,12.78,81.7,147,33,No
745,Sofía,Jiménez González,F,15,Cuenca,Matutina,Primero,9.2,11.0,10.5,10.5,6.5,9.4,9.52,75.0,135,45,No
746,Paola,García Flores,F,15,Riobamba,Vespertina,Tercero,15.4,13.2,12.3,14.1,12.4,16.0,13.9,89.5,161,19,No
747,Gabriel,Medina Morales,M,17,Santo Domingo,Vespertina,Primero,18.9,15.6,16.1,14.6,17.1,18.5,16.8,89.6,161,19,Sí
748,Isabella,González Cruz,F,15,Quito,Vespertina,Tercero,14.4,15.7,12.8,13.9,14.7,15.2,14.45,88.8,160,20,Sí
749,Nicolás,Ortiz García,M,16,Manta,Vespertina,Segundo,15.0,15.7,15.3,15.6,15.7,18.4,15.95,86.6,156,24,Sí
750,Diego,Aguilar Pérez,M,17,Cuenca,Vespertina,Tercero,14.9,14.7,11.6,12.6,12.0,16.0,13.63,80.4,145,35,No
751,Daniela,Hernández García,F,16,Ambato,Matutina,Tercero,13.3,13.8,13.8,12.6,13.0,13.7,13.37,77.6,140,40,No
752,Natalia,Flores Vargas,F,15,Ambato,Vespertina,Segundo,14.1,12.2,12.6,16.1,13.4,15.2,13.93,81.6,147,33,No
753,David,Medina González,M,18,Ibarra,Vespertina,Segundo,12.6,12.4,15.0,15.2,12.3,13.3,13.47,92.1,166,14,No
754,Andrea,Pérez Mendoza,F,16,Riobamba,Vespertina,Primero,13.9,9.0,10.9,11.9,10.7,12.8,11.53,75.0,135,45,No
755,Stephanie,Mora García,F,17,Quito,Vespertina,Tercero,18.5,19.2,18.7,18.5,16.4,17.6,18.15,96.5,174,6,Sí
756,Karina,Ortiz Álvarez,F,18,Cuenca,Vespertina,Tercero,10.9,8.4,9.9,9.7,11.8,11.0,10.28,85.0,153,27,No
757,Andrés,Reyes Soto,M,15,Quito,Vespertina,Tercero,17.1,16.6,18.2,17.1,18.2,16.9,17.35,89.6,161,19,Sí
758,Isabella,Núñez Romero,F,17,Ibarra,Matutina,Tercero,9.9,13.4,11.7,11.9,12.2,11.5,11.77,81.3,146,34,No
759,Ana,Ramírez Mendoza,F,16,Ibarra,Vespertina,Primero,11.4,11.5,14.1,13.1,12.2,13.7,12.67,71.8,129,51,No
760,Esteban,Mora Álvarez,M,15,Guayaquil,Matutina,Primero,14.9,14.5,12.6,13.8,15.0,13.9,14.12,86.4,156,24,Sí
761,Felipe,Flores Soto,M,16,Cuenca,Vespertina,Primero,15.7,17.4,16.3,18.4,14.2,18.5,16.75,88.6,159,21,Sí
762,Fernanda,Medina Álvarez,F,17,Guayaquil,Vespertina,Segundo,14.7,15.4,15.0,15.1,13.9,15.0,14.85,97.4,175,5,Sí
763,Camila,Castillo Romero,F,16,Riobamba,Vespertina,Tercero,15.9,13.4,15.8,17.4,12.6,16.0,15.18,87.5,158,22,Sí
764,David,Pérez Álvarez,M,17,Quito,Matutina,Tercero,12.5,12.6,14.2,14.7,11.9,14.8,13.45,82.8,149,31,No
765,Nicolás,Ramos Núñez,M,15,Cuenca,Vespertina,Segundo,12.8,15.4,16.0,15.7,13.0,15.9,14.8,86.7,156,24,Sí
766,Rebeca,Romero Medina,F,18,Riobamba,Vespertina,Primero,14.5,15.9,13.7,16.5,13.3,18.5,15.4,94.4,170,10,Sí
767,Ricardo,Reyes Vega,M,17,Esmeraldas,Vespertina,Tercero,12.5,11.6,13.5,10.4,13.6,11.4,12.17,87.4,157,23,No
768,Miguel,Herrera Díaz,M,15,Guayaquil,Vespertina,Primero,20.0,19.0,20.0,20.0,20.0,20.0,19.83,93.0,167,13,Sí
769,Sebastián,Reyes López,M,16,Cuenca,Vespertina,Primero,13.9,15.4,13.4,15.8,13.9,13.5,14.32,79.9,144,36,Sí
770,Diego,Jiménez González,M,17,Cuenca,Vespertina,Segundo,11.7,8.9,9.9,9.1,9.3,11.2,10.02,69.2,125,55,No
771,Felipe,Núñez Mendoza,M,16,Ambato,Vespertina,Segundo,13.1,16.5,13.0,13.5,15.6,14.4,14.35,88.0,158,22,Sí
772,Jorge,Reyes López,M,17,Riobamba,Matutina,Segundo,15.8,16.4,14.8,14.5,14.8,19.2,15.92,90.5,163,17,Sí
773,Fernando,Ríos López,M,17,Guayaquil,Vespertina,Primero,16.6,17.1,14.7,16.7,17.8,17.4,16.72,86.1,155,25,Sí
774,Jorge,Reyes Ramírez,M,15,Esmeraldas,Vespertina,Tercero,10.8,13.0,11.1,13.5,10.1,14.3,12.13,89.5,161,19,No
775,Sofía,González García,F,17,Esmeraldas,Vespertina,Primero,12.0,13.8,14.7,13.2,13.1,14.7,13.58,88.9,160,20,No
776,Gabriel,Herrera Morales,M,17,Riobamba,Vespertina,Tercero,11.3,14.4,11.4,12.3,11.6,13.1,12.35,78.7,142,38,No
777,Nicolás,Aguilar Martínez,M,18,Ambato,Matutina,Primero,16.6,17.3,18.2,18.8,17.8,17.5,17.7,82.5,148,32,Sí
778,Ana,López Díaz,F,17,Quito,Matutina,Tercero,16.6,15.0,16.0,14.6,15.2,15.8,15.53,96.3,173,7,Sí
779,Paola,García Hernández,F,17,Guayaquil,Vespertina,Primero,12.6,11.0,14.0,12.6,9.9,12.6,12.12,81.5,147,33,No
780,Daniela,Vega Mora,F,18,Manta,Matutina,Segundo,12.9,13.6,12.8,14.2,13.0,14.4,13.48,87.0,157,23,No
781,David,Ramírez Álvarez,M,17,Guayaquil,Matutina,Primero,19.3,18.6,19.3,19.1,17.5,17.0,18.47,84.5,152,28,Sí
782,Mariana,Jiménez Cruz,F,15,Loja,Vespertina,Segundo,11.4,13.5,10.4,13.1,12.4,14.9,12.62,80.8,145,35,No
783,Esteban,López Ortiz,M,18,Ibarra,Vespertina,Primero,13.2,16.0,11.8,13.5,11.4,14.9,13.47,92.5,166,14,No
784,Gabriel,Morales Romero,M,18,Riobamba,Matutina,Segundo,13.3,14.5,15.1,17.8,15.6,16.9,15.53,88.9,160,20,Sí
785,Sebastián,Rodríguez Romero,M,17,Cuenca,Matutina,Tercero,14.6,13.2,12.8,14.3,13.7,13.5,13.68,85.6,154,26,No
786,Stephanie,Castillo Castillo,F,18,Ambato,Vespertina,Segundo,10.5,9.8,11.3,10.7,11.2,10.6,10.68,91.3,164,16,No
787,Isabella,Herrera Mora,F,15,Riobamba,Vespertina,Segundo,12.7,15.3,13.8,14.2,10.7,12.1,13.13,75.8,136,44,No
788,Mateo,Mendoza Torres,M,16,Esmeraldas,Vespertina,Tercero,12.6,12.5,11.7,9.6,10.6,11.4,11.4,88.7,160,20,No
789,Fernando,Morales Aguilar,M,16,Cuenca,Vespertina,Tercero,11.2,10.1,9.8,13.3,10.5,12.6,11.25,81.1,146,34,No
790,Juan,Álvarez Vargas,M,15,Esmeraldas,Vespertina,Primero,17.5,19.6,19.4,18.7,16.7,17.3,18.2,84.6,152,28,Sí
791,Sofía,Ríos Reyes,F,17,Ibarra,Matutina,Tercero,13.9,12.2,13.6,14.1,11.5,14.9,13.37,82.4,148,32,No
792,Nicolás,Jiménez Medina,M,18,Riobamba,Matutina,Primero,17.0,17.5,17.5,15.1,16.8,17.9,16.97,84.8,153,27,Sí
793,Daniel,Pérez Ramírez,M,15,Loja,Matutina,Segundo,16.3,14.7,15.4,16.6,14.6,17.4,15.83,89.9,162,18,Sí
794,Karina,Martínez Vega,F,16,Cuenca,Vespertina,Primero,10.4,11.7,9.8,11.5,10.7,11.0,10.85,75.7,136,44,No
795,Lucía,González Aguilar,F,16,Cuenca,Vespertina,Segundo,11.8,13.0,13.0,11.1,11.8,13.0,12.28,77.7,140,40,No
796,Valeria,Mendoza Núñez,F,16,Loja,Matutina,Tercero,16.9,15.7,14.8,18.5,15.3,17.3,16.42,85.0,153,27,Sí
797,María,Herrera López,F,17,Ambato,Vespertina,Primero,13.9,15.0,14.3,12.2,12.9,13.8,13.68,71.7,129,51,No
798,Pablo,Núñez Torres,M,16,Loja,Matutina,Segundo,13.3,13.6,14.6,15.9,17.5,15.8,15.12,84.3,152,28,Sí
799,Fernando,Romero Vargas,M,16,Ambato,Vespertina,Tercero,14.9,16.6,14.5,13.6,13.4,14.0,14.5,90.4,163,17,Sí
800,Sofía,Aguilar Pérez,F,15,Cuenca,Vespertina,Primero,14.0,14.9,14.0,12.9,15.6,16.2,14.6,96.0,173,7,Sí
801,Sebastián,Cruz Rodríguez,M,18,Guayaquil,Vespertina,Primero,16.7,16.6,14.8,15.3,16.5,16.5,16.07,96.0,173,7,Sí
802,Daniela,Romero Ríos,F,18,Quito,Vespertina,Segundo,10.6,11.2,12.6,13.5,8.6,12.5,11.5,77.6,140,40,No
803,Mateo,Ramírez Herrera,M,17,Santo Domingo,Matutina,Primero,17.7,19.2,20.0,19.1,18.8,20.0,19.13,88.0,158,22,Sí
804,Natalia,Ortiz Herrera,F,16,Ambato,Matutina,Primero,15.2,16.6,14.5,16.7,15.5,16.5,15.83,81.7,147,33,Sí
805,Mateo,Hernández Pérez,M,18,Cuenca,Matutina,Tercero,11.4,11.3,10.8,12.3,10.7,12.2,11.45,80.5,145,35,No
806,Valeria,Mora Ramos,F,17,Loja,Matutina,Segundo,11.7,13.5,12.4,11.4,10.9,13.8,12.28,73.6,132,48,No
807,Ana,Reyes Morales,F,16,Santo Domingo,Vespertina,Primero,16.4,15.7,15.8,15.8,16.0,16.9,16.1,82.9,149,31,Sí
808,Sebastián,Mendoza Vargas,M,18,Manta,Matutina,Primero,15.1,16.4,13.4,15.8,11.7,16.7,14.85,94.7,170,10,Sí
809,Gabriela,Ramírez Mendoza,F,18,Quito,Matutina,Primero,14.4,14.6,13.4,17.5,15.3,16.5,15.28,86.9,156,24,Sí
810,Camila,Ramos González,F,17,Esmeraldas,Matutina,Tercero,12.6,12.6,10.2,11.4,11.5,14.3,12.1,81.8,147,33,No
811,Mateo,Ramos Morales,M,18,Ambato,Matutina,Segundo,13.2,15.1,13.8,16.6,14.0,14.6,14.55,85.8,154,26,Sí
812,Ricardo,Reyes Jiménez,M,18,Quito,Matutina,Tercero,12.4,14.9,16.7,13.9,14.0,13.7,14.27,80.7,145,35,Sí
813,Sofía,Aguilar López,F,15,Ibarra,Matutina,Tercero,14.3,15.0,14.6,12.7,11.6,14.9,13.85,85.6,154,26,No
814,Fernanda,Álvarez Álvarez,F,16,Loja,Matutina,Primero,14.3,14.3,13.3,15.1,15.3,14.8,14.52,93.6,168,12,Sí
815,Gabriel,Soto Jiménez,M,15,Quito,Matutina,Segundo,13.6,15.2,14.9,16.7,13.6,16.6,15.1,81.4,147,33,Sí
816,Rebeca,González Pérez,F,16,Ambato,Vespertina,Primero,11.5,11.5,10.8,10.7,10.9,12.1,11.25,91.9,165,15,No
817,Sebastián,Pérez Flores,M,16,Riobamba,Vespertina,Primero,16.9,16.1,15.9,17.1,17.0,16.4,16.57,91.8,165,15,Sí
818,Daniela,Jiménez Martínez,F,18,Santo Domingo,Vespertina,Primero,12.2,13.3,12.3,11.9,12.9,15.3,12.98,83.0,149,31,No
819,Diego,Cruz Aguilar,M,17,Loja,Vespertina,Primero,12.9,13.6,11.6,13.2,9.7,13.6,12.43,88.5,159,21,No
820,Paola,Ramos Rodríguez,F,17,Loja,Vespertina,Primero,12.1,15.5,12.9,19.3,15.5,16.1,15.23,81.6,147,33,Sí
821,Natalia,Martínez González,F,16,Cuenca,Matutina,Primero,15.1,16.0,15.7,16.4,14.9,16.3,15.73,87.3,157,23,Sí
822,Isabella,Reyes Hernández,F,16,Ibarra,Matutina,Tercero,12.6,10.6,10.3,14.5,11.8,12.6,12.07,83.8,151,29,No
823,Fernanda,Mendoza Díaz,F,15,Quito,Vespertina,Primero,16.7,16.5,18.5,15.0,17.4,17.8,16.98,83.5,150,30,Sí
824,Diego,García Morales,M,16,Guayaquil,Vespertina,Primero,13.3,13.4,14.8,12.5,11.4,13.1,13.08,76.8,138,42,No
825,Valeria,Cruz Núñez,F,17,Cuenca,Vespertina,Tercero,8.9,11.4,11.8,11.9,9.4,13.0,11.07,77.8,140,40,No
826,Miguel,Torres Herrera,M,15,Guayaquil,Vespertina,Segundo,13.9,13.4,13.8,14.7,12.7,13.5,13.67,93.3,168,12,No
827,Camila,Díaz Reyes,F,17,Cuenca,Matutina,Tercero,14.4,13.0,14.4,14.1,13.5,15.0,14.07,95.5,172,8,Sí
828,Alejandro,Díaz García,M,18,Santo Domingo,Vespertina,Primero,13.4,13.6,14.0,14.8,15.1,17.6,14.75,83.2,150,30,Sí
829,Stephanie,Mora Díaz,F,17,Cuenca,Vespertina,Segundo,14.1,12.6,12.2,13.6,12.9,13.7,13.18,81.6,147,33,No
830,Andrea,Ortiz García,F,16,Guayaquil,Matutina,Segundo,14.2,13.7,13.9,13.8,12.9,16.0,14.08,71.7,129,51,Sí
831,Alejandro,Soto Núñez,M,16,Cuenca,Matutina,Primero,12.7,14.2,10.2,12.2,10.5,12.5,12.05,89.2,161,19,No
832,Pablo,Hernández Morales,M,16,Guayaquil,Matutina,Tercero,13.8,14.0,16.2,13.7,16.4,18.2,15.38,77.9,140,40,Sí
833,Ana,Jiménez Flores,F,18,Ibarra,Vespertina,Segundo,10.2,11.3,11.1,11.3,10.6,13.4,11.32,75.9,137,43,No
834,Luis,Vega Reyes,M,16,Cuenca,Vespertina,Primero,19.4,17.4,20.0,19.5,19.4,18.6,19.05,89.5,161,19,Sí
835,Sofía,Torres Ramírez,F,16,Riobamba,Matutina,Tercero,14.8,12.5,16.0,16.6,13.9,14.2,14.67,89.0,160,20,Sí
836,Stephanie,Rodríguez Vega,F,18,Ambato,Vespertina,Segundo,14.7,13.0,13.8,14.1,15.4,13.7,14.12,82.9,149,31,Sí
837,Alejandro,Soto Núñez,M,17,Guayaquil,Vespertina,Segundo,6.9,8.0,8.4,7.5,8.8,9.1,8.12,92.8,167,13,No
838,Gabriela,Ramos Ramos,F,18,Riobamba,Vespertina,Primero,17.7,17.7,19.1,20.0,18.9,20.0,18.9,86.1,155,25,Sí
839,Carolina,López García,F,15,Santo Domingo,Matutina,Tercero,12.3,14.2,13.8,13.9,14.0,13.0,13.53,73.7,133,47,No
840,Karina,Vargas Ramos,F,18,Quito,Matutina,Tercero,13.1,11.1,12.9,13.0,12.9,13.0,12.67,74.7,134,46,No
841,Paola,Medina Aguilar,F,15,Loja,Vespertina,Segundo,10.8,11.8,14.3,11.8,10.5,11.6,11.8,81.0,146,34,No
842,Carlos,Ortiz Díaz,M,15,Manta,Vespertina,Primero,13.2,11.5,13.7,16.2,11.5,17.2,13.88,84.9,153,27,No
843,Mateo,Álvarez Medina,M,17,Cuenca,Matutina,Tercero,16.9,15.5,16.4,18.3,15.2,19.5,16.97,96.1,173,7,Sí
844,Carolina,Mendoza Castillo,F,16,Loja,Vespertina,Primero,10.4,10.0,8.7,11.4,8.4,9.4,9.72,82.1,148,32,No
845,Carolina,Díaz Ríos,F,18,Loja,Matutina,Primero,18.4,19.5,16.6,17.9,18.0,18.2,18.1,91.5,165,15,Sí
846,Karina,Medina López,F,16,Guayaquil,Matutina,Tercero,8.9,9.8,10.3,11.9,10.4,10.4,10.28,68.6,123,57,No
847,Jorge,Mendoza Romero,M,15,Loja,Matutina,Segundo,17.8,16.9,19.7,20.0,18.0,18.5,18.48,90.3,163,17,Sí
848,Fernando,Ortiz Ríos,M,16,Cuenca,Matutina,Segundo,12.4,12.9,10.8,11.4,10.8,14.1,12.07,76.5,138,42,No
849,Rebeca,Núñez Núñez,F,18,Manta,Vespertina,Segundo,11.9,13.7,13.9,13.0,12.3,13.8,13.1,81.8,147,33,No
850,Cristian,Romero González,M,15,Ibarra,Vespertina,Tercero,11.1,14.2,10.6,11.3,11.4,11.2,11.63,65.0,117,63,No
851,Fernanda,Romero Soto,F,15,Santo Domingo,Vespertina,Segundo,11.2,11.6,12.0,12.1,9.7,13.1,11.62,86.8,156,24,No
852,Andrés,Herrera Morales,M,15,Manta,Vespertina,Tercero,13.9,12.8,10.6,13.6,12.9,14.2,13.0,80.8,145,35,No
853,Natalia,Torres Romero,F,18,Cuenca,Vespertina,Primero,12.6,12.4,12.4,11.1,12.0,12.7,12.2,88.0,158,22,No
854,Sebastián,Torres Mendoza,M,16,Cuenca,Matutina,Tercero,16.8,14.5,14.9,16.0,13.3,17.1,15.43,82.9,149,31,Sí
855,Valeria,González Ramos,F,17,Cuenca,Matutina,Segundo,8.7,11.6,11.1,9.4,10.1,12.0,10.48,82.3,148,32,No
856,Mateo,Álvarez Vega,M,15,Ibarra,Vespertina,Primero,20.0,20.0,18.5,19.9,19.9,20.0,19.72,94.5,170,10,Sí
857,Paola,Flores García,F,17,Guayaquil,Matutina,Primero,13.0,13.2,11.0,13.7,15.3,16.0,13.7,87.8,158,22,No
858,Fernando,Medina Ramos,M,16,Ibarra,Matutina,Segundo,16.3,16.4,13.3,15.8,17.8,16.2,15.97,86.1,155,25,Sí
859,Isabella,Romero Vargas,F,16,Guayaquil,Vespertina,Primero,12.6,13.7,18.6,15.1,17.1,16.3,15.57,82.3,148,32,Sí
860,Cristian,López Díaz,M,16,Loja,Matutina,Primero,17.1,15.7,16.0,15.9,18.7,18.0,16.9,77.9,140,40,Sí
861,Pablo,López Herrera,M,17,Ibarra,Vespertina,Tercero,14.0,14.1,16.1,16.6,13.9,17.2,15.32,82.2,148,32,Sí
862,María,Cruz Rodríguez,F,17,Ibarra,Vespertina,Tercero,14.3,16.6,15.8,14.9,15.0,16.0,15.43,89.0,160,20,Sí
863,Jorge,Núñez Romero,M,16,Loja,Matutina,Tercero,15.7,13.4,12.0,13.8,10.2,13.1,13.03,81.0,146,34,No
864,Pablo,Morales Herrera,M,15,Ambato,Matutina,Segundo,14.0,11.1,11.6,11.6,11.6,13.3,12.2,81.6,147,33,No
865,Daniela,Núñez Medina,F,15,Manta,Matutina,Primero,12.2,11.7,13.5,14.8,12.8,15.2,13.37,89.3,161,19,No
866,Miguel,Mendoza Torres,M,17,Riobamba,Vespertina,Primero,14.4,12.4,14.0,12.6,14.8,13.9,13.68,76.3,137,43,No
867,Daniel,Ramírez Mendoza,M,15,Riobamba,Matutina,Tercero,17.4,17.0,17.4,17.4,17.7,18.8,17.62,91.0,164,16,Sí
868,Isabella,Aguilar Ramírez,F,18,Manta,Vespertina,Segundo,13.7,12.7,13.4,12.4,13.5,13.6,13.22,93.8,169,11,No
869,Miguel,Vargas Martínez,M,18,Santo Domingo,Matutina,Primero,16.8,19.1,17.5,18.9,16.6,16.7,17.6,85.6,154,26,Sí
870,Fernando,Mendoza Vega,M,15,Ibarra,Matutina,Primero,12.2,12.2,13.1,12.8,12.6,12.5,12.57,85.9,155,25,No
871,Alejandro,Jiménez González,M,17,Ibarra,Matutina,Primero,16.8,17.5,16.0,15.9,16.6,17.2,16.67,89.2,161,19,Sí
872,Miguel,Castillo Díaz,M,15,Guayaquil,Matutina,Segundo,16.8,17.3,16.9,15.7,16.7,18.4,16.97,96.9,174,6,Sí
873,Alejandro,García Romero,M,15,Riobamba,Matutina,Primero,11.8,11.8,11.8,12.2,12.2,11.6,11.9,76.5,138,42,No
874,Melissa,Mora Aguilar,F,16,Santo Domingo,Vespertina,Segundo,14.6,13.0,10.6,13.8,10.4,14.6,12.83,84.1,151,29,No
875,Alejandro,Ramírez Núñez,M,16,Loja,Matutina,Segundo,16.3,15.7,14.4,17.0,15.0,16.8,15.87,78.4,141,39,Sí
876,Daniela,Jiménez Reyes,F,18,Santo Domingo,Vespertina,Segundo,18.0,16.7,16.0,18.8,17.5,18.9,17.65,90.7,163,17,Sí
877,Gabriel,Morales Núñez,M,18,Ibarra,Vespertina,Segundo,17.4,17.6,18.5,18.9,17.2,18.1,17.95,96.1,173,7,Sí
878,Ana,Pérez Pérez,F,17,Ibarra,Matutina,Tercero,9.2,11.5,11.0,11.9,9.6,10.1,10.55,77.4,139,41,No
879,Alejandro,Romero Ríos,M,16,Cuenca,Vespertina,Segundo,9.9,13.0,14.4,14.8,10.9,15.8,13.13,76.2,137,43,No
880,Diego,Ríos López,M,15,Quito,Matutina,Primero,11.1,12.1,12.6,11.4,11.0,9.3,11.25,80.1,144,36,No
881,Rebeca,Núñez Soto,F,18,Santo Domingo,Vespertina,Tercero,15.3,16.1,15.3,14.7,15.2,15.4,15.33,96.7,174,6,Sí
882,Isabella,Castillo Castillo,F,18,Manta,Matutina,Primero,17.4,17.4,16.0,18.9,18.3,19.6,17.93,88.2,159,21,Sí
883,Esteban,Medina Soto,M,17,Santo Domingo,Matutina,Segundo,17.6,13.4,16.7,15.0,17.5,13.7,15.65,89.2,161,19,Sí
884,Gabriel,Flores Herrera,M,18,Cuenca,Matutina,Tercero,13.9,15.3,13.0,15.9,13.4,13.3,14.13,92.2,166,14,Sí
885,Isabella,Morales Ramos,F,17,Ambato,Vespertina,Tercero,13.9,13.9,13.6,14.9,12.4,13.2,13.65,82.8,149,31,No
886,Ana,Ramírez Aguilar,F,18,Guayaquil,Vespertina,Tercero,20.0,20.0,20.0,20.0,18.9,20.0,19.82,95.8,172,8,Sí
887,Ana,Medina Herrera,F,17,Riobamba,Vespertina,Segundo,17.4,14.8,17.1,16.0,14.9,20.0,16.7,87.6,158,22,Sí
888,Lucía,Ramírez López,F,18,Guayaquil,Vespertina,Tercero,11.1,11.0,12.5,12.9,10.7,12.6,11.8,88.9,160,20,No
889,Andrés,Ramos López,M,15,Quito,Vespertina,Tercero,16.7,16.3,18.6,15.1,14.4,15.5,16.1,83.9,151,29,Sí
890,Miguel,Pérez Mora,M,15,Cuenca,Matutina,Tercero,11.1,11.3,11.5,10.7,11.3,12.2,11.35,77.9,140,40,No
891,Daniela,Medina Cruz,F,16,Santo Domingo,Vespertina,Tercero,15.7,14.9,17.7,17.6,17.3,17.8,16.83,90.3,163,17,Sí
892,Diego,Medina Vega,M,15,Ambato,Matutina,Segundo,15.4,14.8,13.7,17.2,14.8,17.5,15.57,84.7,152,28,Sí
893,Carolina,Aguilar Torres,F,15,Manta,Vespertina,Primero,13.0,13.1,11.8,14.8,10.8,12.1,12.6,91.8,165,15,No
894,María,Aguilar Herrera,F,15,Loja,Vespertina,Tercero,15.3,14.7,17.1,16.9,16.5,15.9,16.07,87.8,158,22,Sí
895,Lucía,Vega Cruz,F,17,Ibarra,Matutina,Primero,10.8,11.3,10.5,12.7,8.3,12.8,11.07,89.8,162,18,No
896,Melissa,Álvarez González,F,16,Riobamba,Vespertina,Primero,10.0,7.3,6.9,10.6,9.0,10.4,9.03,67.4,121,59,No
897,Miguel,Romero Hernández,M,16,Guayaquil,Matutina,Segundo,14.9,16.3,16.5,17.7,16.9,18.7,16.83,92.2,166,14,Sí
898,Daniel,Mendoza Aguilar,M,18,Riobamba,Vespertina,Primero,10.6,12.8,12.3,13.3,14.0,12.9,12.65,80.4,145,35,No
899,Daniela,Reyes Cruz,F,15,Manta,Matutina,Segundo,11.9,12.1,12.8,13.9,13.6,14.8,13.18,82.1,148,32,No
900,Nicolás,Romero Cruz,M,15,Quito,Vespertina,Segundo,8.8,10.2,9.3,10.8,10.0,9.8,9.82,92.6,167,13,No
901,Mariana,Díaz Romero,F,17,Ambato,Matutina,Segundo,10.9,9.4,12.4,10.1,8.7,10.2,10.28,79.5,143,37,No
902,Mateo,Vargas Núñez,M,15,Riobamba,Matutina,Tercero,16.6,18.8,14.9,18.3,18.8,17.6,17.5,95.7,172,8,Sí
903,David,Medina González,M,17,Quito,Vespertina,Primero,15.0,15.4,14.2,16.8,12.9,15.2,14.92,93.0,167,13,Sí
904,Karina,Núñez Castillo,F,16,Ambato,Matutina,Segundo,13.0,11.6,14.2,15.7,12.6,16.3,13.9,75.0,135,45,No
905,Jorge,Ramírez Pérez,M,16,Manta,Matutina,Primero,15.0,14.8,17.5,17.3,16.5,16.8,16.32,83.1,150,30,Sí
906,Natalia,Rodríguez Mora,F,17,Santo Domingo,Vespertina,Primero,11.4,10.8,12.3,12.8,12.1,12.6,12.0,87.1,157,23,No
907,Camila,Díaz Soto,F,18,Ibarra,Matutina,Tercero,10.7,12.4,12.6,13.6,11.6,10.9,11.97,77.4,139,41,No
908,Pablo,Martínez Aguilar,M,16,Santo Domingo,Matutina,Primero,18.1,18.5,18.9,19.9,18.5,19.4,18.88,90.8,163,17,Sí
909,Sofía,Cruz Jiménez,F,15,Ibarra,Vespertina,Tercero,15.3,13.3,14.5,15.1,14.8,16.5,14.92,87.3,157,23,Sí
910,Felipe,Martínez Ortiz,M,15,Quito,Matutina,Segundo,9.8,9.5,9.3,10.2,9.7,9.0,9.58,73.9,133,47,No
911,María,Vargas Vega,F,17,Santo Domingo,Matutina,Tercero,17.5,16.9,18.7,18.6,18.4,19.0,18.18,85.7,154,26,Sí
912,Esteban,Núñez Morales,M,16,Riobamba,Matutina,Primero,11.5,13.8,14.3,13.6,12.6,14.6,13.4,86.3,155,25,No
913,Natalia,Pérez Díaz,F,17,Riobamba,Matutina,Tercero,15.4,16.0,14.2,14.9,14.0,16.3,15.13,87.4,157,23,Sí
914,Sebastián,Pérez Vega,M,17,Ambato,Vespertina,Segundo,13.0,15.4,15.2,17.7,14.9,15.0,15.2,87.7,158,22,Sí
915,Mateo,Pérez Cruz,M,18,Loja,Vespertina,Segundo,13.5,13.9,12.7,14.6,13.1,18.5,14.38,88.4,159,21,Sí
916,Carlos,Ramos García,M,15,Quito,Vespertina,Primero,12.1,13.9,12.1,12.7,13.1,13.8,12.95,85.7,154,26,No
917,Sofía,Ramírez Reyes,F,15,Manta,Matutina,Primero,16.1,17.6,18.9,15.9,16.5,16.7,16.95,98.1,177,3,Sí
918,Daniel,Hernández García,M,15,Guayaquil,Matutina,Segundo,13.1,11.1,11.3,12.2,11.4,11.7,11.8,81.3,146,34,No
919,Alejandro,Herrera Jiménez,M,15,Quito,Vespertina,Segundo,13.2,11.8,14.3,12.8,12.8,13.7,13.1,84.2,152,28,No
920,Valeria,Pérez Ríos,F,17,Quito,Vespertina,Primero,12.1,13.6,13.9,12.5,13.4,11.4,12.82,69.6,125,55,No
921,Gabriela,Medina Ramos,F,15,Manta,Vespertina,Primero,15.4,16.0,15.9,17.1,15.6,16.5,16.08,84.9,153,27,Sí
922,Andrea,Hernández Romero,F,18,Loja,Vespertina,Segundo,13.6,13.2,12.6,11.8,12.8,13.5,12.92,85.9,155,25,No
923,Camila,Díaz Mora,F,17,Santo Domingo,Vespertina,Tercero,14.2,13.5,15.3,14.6,14.6,13.4,14.27,79.3,143,37,Sí
924,Esteban,González Soto,M,16,Riobamba,Matutina,Segundo,14.9,10.0,11.0,12.3,11.2,12.8,12.03,68.4,123,57,No
925,Mateo,Cruz Rodríguez,M,17,Loja,Vespertina,Tercero,11.5,11.4,10.6,11.7,10.6,9.8,10.93,81.7,147,33,No
926,Sebastián,Medina García,M,15,Santo Domingo,Matutina,Primero,17.2,16.9,17.8,17.0,17.8,20.0,17.78,94.4,170,10,Sí
927,Carlos,Flores Rodríguez,M,16,Cuenca,Matutina,Primero,13.4,16.8,12.7,14.5,11.8,15.6,14.13,83.4,150,30,Sí
928,Jorge,Reyes Mendoza,M,18,Esmeraldas,Matutina,Tercero,16.1,16.7,16.4,17.1,15.4,15.1,16.13,82.6,149,31,Sí
929,Ricardo,Medina Romero,M,17,Santo Domingo,Matutina,Segundo,17.4,16.7,17.4,15.8,15.4,16.9,16.6,87.4,157,23,Sí
930,Fernando,Jiménez Aguilar,M,17,Ambato,Vespertina,Primero,9.4,11.8,9.9,9.3,9.5,10.7,10.1,75.9,137,43,No
931,Pablo,Álvarez López,M,16,Santo Domingo,Vespertina,Tercero,9.0,10.4,9.3,11.0,10.7,12.5,10.48,76.0,137,43,No
932,Lucía,Ramos Hernández,F,15,Manta,Vespertina,Segundo,14.4,14.6,14.5,13.7,13.5,14.8,14.25,87.1,157,23,Sí
933,Alejandro,Martínez Flores,M,16,Ambato,Vespertina,Tercero,8.3,9.1,9.2,7.9,9.9,10.3,9.12,79.3,143,37,No
934,Fernando,Cruz Morales,M,18,Quito,Vespertina,Tercero,13.9,15.1,16.6,15.9,14.8,15.7,15.33,97.5,176,4,Sí
935,Valeria,Jiménez Vargas,F,16,Cuenca,Matutina,Primero,17.5,18.3,16.2,16.0,17.6,17.6,17.2,89.6,161,19,Sí
936,Esteban,Reyes Rodríguez,M,15,Ambato,Matutina,Primero,14.3,17.1,14.2,16.2,14.5,15.9,15.37,82.4,148,32,Sí
937,Jorge,Núñez Ríos,M,16,Loja,Matutina,Segundo,13.9,13.3,12.5,14.4,14.5,15.4,14.0,80.0,144,36,Sí
938,Miguel,Herrera González,M,16,Guayaquil,Vespertina,Tercero,12.1,11.9,12.7,13.6,10.0,13.5,12.3,92.9,167,13,No
939,Ana,Vega Reyes,F,15,Loja,Vespertina,Primero,12.9,14.3,11.5,13.6,12.5,12.5,12.88,89.0,160,20,No
940,Isabella,Torres Mendoza,F,17,Santo Domingo,Matutina,Segundo,11.4,12.0,10.9,12.2,12.6,11.4,11.75,86.3,155,25,No
941,Melissa,Ortiz Ríos,F,17,Manta,Vespertina,Segundo,15.3,13.7,12.7,15.2,15.2,14.1,14.37,77.1,139,41,Sí
942,Daniel,Díaz López,M,18,Loja,Matutina,Segundo,10.7,10.9,13.9,12.0,12.8,16.3,12.77,81.2,146,34,No
943,Nicolás,Flores Pérez,M,17,Ibarra,Vespertina,Segundo,15.5,17.2,14.7,14.4,16.0,16.2,15.67,88.1,159,21,Sí
944,Mariana,Castillo Díaz,F,16,Santo Domingo,Matutina,Primero,11.5,9.8,11.6,11.8,12.3,10.7,11.28,84.5,152,28,No
945,Carolina,Torres Jiménez,F,18,Manta,Vespertina,Tercero,16.8,18.4,18.1,18.1,16.0,19.4,17.8,89.0,160,20,Sí
946,Valeria,Álvarez Mora,F,17,Ibarra,Vespertina,Primero,14.2,18.3,13.8,14.1,15.4,16.4,15.37,85.8,154,26,Sí
947,Nicolás,Vega Ríos,M,15,Quito,Matutina,Segundo,16.4,16.5,15.8,16.2,15.0,15.0,15.82,96.3,173,7,Sí
948,Carlos,Rodríguez Díaz,M,17,Manta,Vespertina,Primero,15.1,16.9,14.3,15.0,12.5,15.2,14.83,90.7,163,17,Sí
949,Gabriela,Hernández Ríos,F,18,Ambato,Matutina,Primero,18.2,18.0,17.7,17.0,15.9,17.6,17.4,92.5,166,14,Sí
950,Karina,Hernández Núñez,F,16,Ambato,Vespertina,Primero,14.3,12.9,10.6,14.0,13.1,12.5,12.9,84.6,152,28,No
951,Melissa,Álvarez González,F,18,Esmeraldas,Vespertina,Primero,17.9,18.9,20.0,18.4,19.0,18.4,18.77,89.1,160,20,Sí
952,Melissa,Mendoza Pérez,F,17,Cuenca,Matutina,Tercero,17.6,15.4,17.4,18.2,16.7,18.7,17.33,88.6,159,21,Sí
953,Alejandro,Mendoza Núñez,M,18,Quito,Matutina,Tercero,17.5,17.0,18.5,17.3,17.1,19.9,17.88,81.2,146,34,Sí
954,Sofía,Reyes Ramírez,F,17,Ambato,Vespertina,Segundo,15.0,14.0,14.9,15.4,12.8,14.5,14.43,81.8,147,33,Sí
955,Alejandro,Morales Martínez,M,16,Guayaquil,Matutina,Primero,12.5,13.0,13.9,15.6,13.5,15.4,13.98,89.0,160,20,No
956,Felipe,Reyes Flores,M,16,Ibarra,Matutina,Primero,17.2,15.2,14.4,15.7,17.5,15.3,15.88,87.5,158,22,Sí
957,Andrea,Núñez Hernández,F,16,Quito,Matutina,Tercero,11.8,11.8,13.9,13.8,12.0,13.5,12.8,73.3,132,48,No
958,Miguel,Castillo Mora,M,16,Ambato,Matutina,Segundo,16.2,13.7,14.9,15.5,14.4,16.0,15.12,87.9,158,22,Sí
959,Miguel,Torres Ramos,M,17,Esmeraldas,Vespertina,Segundo,14.6,15.6,15.5,15.7,13.1,14.0,14.75,91.5,165,15,Sí
960,Jorge,Álvarez Vargas,M,18,Riobamba,Vespertina,Tercero,13.3,15.7,13.1,15.2,12.8,14.9,14.17,81.5,147,33,Sí
961,Isabella,Vargas Ramos,F,18,Cuenca,Matutina,Primero,18.5,17.1,15.6,15.1,15.8,15.4,16.25,88.0,158,22,Sí
962,Daniela,Vega García,F,16,Riobamba,Matutina,Segundo,15.9,13.2,14.7,13.3,14.0,16.4,14.58,90.2,162,18,Sí
963,Fernanda,Cruz Jiménez,F,18,Santo Domingo,Vespertina,Primero,13.0,14.8,17.1,15.6,16.2,13.5,15.03,86.0,155,25,Sí
964,Paola,Núñez Ortiz,F,18,Guayaquil,Vespertina,Segundo,15.4,13.7,18.3,16.1,14.9,15.4,15.63,84.9,153,27,Sí
965,Carlos,Rodríguez González,M,17,Quito,Matutina,Tercero,16.2,17.6,17.3,16.6,16.1,15.6,16.57,85.3,154,26,Sí
966,Pablo,Romero Rodríguez,M,18,Santo Domingo,Vespertina,Tercero,14.6,13.4,12.6,11.5,15.3,14.9,13.72,89.9,162,18,No
967,Fernanda,González González,F,16,Guayaquil,Vespertina,Segundo,12.7,13.5,12.2,16.3,13.3,15.5,13.92,75.1,135,45,No
968,Ricardo,Castillo Romero,M,17,Ambato,Matutina,Primero,16.5,16.9,16.2,14.7,16.6,19.9,16.8,93.7,169,11,Sí
969,Andrés,Herrera Álvarez,M,17,Esmeraldas,Vespertina,Segundo,18.1,17.3,15.1,16.8,17.4,17.2,16.98,85.7,154,26,Sí
970,Karina,Vega Núñez,F,16,Ambato,Matutina,Segundo,10.3,11.8,10.2,11.8,11.0,11.2,11.05,85.4,154,26,No
971,Valentina,Soto González,F,16,Ambato,Matutina,Segundo,15.6,12.1,13.1,12.5,12.1,15.0,13.4,79.5,143,37,No
972,Juan,Mendoza Cruz,M,15,Loja,Matutina,Segundo,12.1,14.2,10.5,15.3,12.4,15.1,13.27,81.4,147,33,No
973,Paola,Romero Pérez,F,18,Riobamba,Matutina,Segundo,16.8,19.2,16.1,18.6,14.5,16.4,16.93,91.4,165,15,Sí
974,Miguel,Castillo Reyes,M,18,Guayaquil,Matutina,Primero,15.4,14.9,17.1,17.7,13.2,17.0,15.88,90.4,163,17,Sí
975,Luis,Hernández Núñez,M,17,Loja,Matutina,Primero,12.4,12.2,12.1,12.4,13.6,11.9,12.43,91.6,165,15,No
976,Valentina,Ramírez Romero,F,17,Esmeraldas,Matutina,Tercero,11.1,11.9,10.7,11.1,9.8,10.7,10.88,87.1,157,23,No
977,Ana,Jiménez Ramos,F,17,Cuenca,Vespertina,Segundo,15.0,17.3,15.6,18.2,14.0,18.2,16.38,90.2,162,18,Sí
978,Natalia,Pérez Torres,F,18,Cuenca,Matutina,Primero,20.0,20.0,20.0,20.0,19.2,20.0,19.87,100.0,180,0,Sí
979,Rebeca,Torres Medina,F,18,Riobamba,Vespertina,Primero,17.5,15.4,15.2,14.7,15.1,18.7,16.1,95.1,171,9,Sí
980,Isabella,Jiménez Pérez,F,17,Guayaquil,Matutina,Primero,12.9,10.3,10.3,13.7,8.5,13.5,11.53,83.8,151,29,No
981,Camila,Soto Díaz,F,18,Loja,Matutina,Primero,9.6,8.9,9.3,10.2,9.7,9.4,9.52,81.5,147,33,No
982,Fernanda,Mora Pérez,F,16,Riobamba,Matutina,Primero,13.1,13.3,14.9,13.8,15.5,15.4,14.33,88.7,160,20,Sí
983,Miguel,Díaz Herrera,M,17,Ibarra,Vespertina,Tercero,13.0,11.6,10.6,11.0,13.2,11.7,11.85,72.6,131,49,No
984,Mariana,Vega Álvarez,F,15,Manta,Vespertina,Primero,13.7,16.3,15.7,14.3,16.9,14.2,15.18,93.8,169,11,Sí
985,Mateo,Soto Romero,M,16,Santo Domingo,Vespertina,Segundo,14.1,11.1,13.2,11.1,11.0,12.7,12.2,86.6,156,24,No
986,Fernando,Torres Jiménez,M,15,Riobamba,Matutina,Primero,14.4,13.4,14.8,13.2,12.6,15.8,14.03,95.3,172,8,Sí
987,Karina,Herrera Martínez,F,18,Esmeraldas,Matutina,Tercero,12.2,12.2,13.6,13.8,14.0,13.6,13.23,80.3,145,35,No
988,Carlos,Herrera Reyes,M,15,Loja,Matutina,Segundo,17.4,17.1,17.0,16.3,15.6,16.3,16.62,77.7,140,40,Sí
989,Juan,Morales Rodríguez,M,17,Manta,Matutina,Primero,19.2,16.8,17.0,17.2,16.7,19.8,17.78,94.6,170,10,Sí
990,Diego,Vega Álvarez,M,17,Guayaquil,Vespertina,Tercero,9.5,9.8,8.3,9.2,8.3,8.1,8.87,74.3,134,46,No
991,María,Mora Mora,F,15,Guayaquil,Matutina,Primero,14.3,16.6,15.0,14.8,16.9,15.9,15.58,84.1,151,29,Sí
992,Andrea,Rodríguez Ríos,F,18,Ambato,Matutina,Primero,14.8,15.2,14.4,15.4,17.6,16.5,15.65,94.6,170,10,Sí
993,Mariana,Vega Álvarez,F,18,Loja,Vespertina,Primero,9.2,9.1,9.8,10.9,10.5,10.2,9.95,75.1,135,45,No
994,Mateo,Ramos Álvarez,M,15,Cuenca,Matutina,Tercero,13.6,15.7,14.7,15.4,14.0,16.1,14.92,86.6,156,24,Sí
995,Mateo,Torres Flores,M,18,Manta,Matutina,Primero,13.7,13.4,13.6,13.1,12.5,14.9,13.53,87.4,157,23,No
996,Sofía,Vargas Morales,F,15,Santo Domingo,Vespertina,Tercero,15.8,16.4,17.1,16.2,15.1,14.5,15.85,95.2,171,9,Sí
997,Nicolás,Rodríguez Rodríguez,M,17,Loja,Vespertina,Primero,12.9,13.6,13.1,12.3,12.0,15.9,13.3,76.8,138,42,No
998,Cristian,Mora Romero,M,17,Ibarra,Vespertina,Primero,14.6,12.1,15.8,14.2,11.3,14.9,13.82,84.5,152,28,No
999,Diego,Romero García,M,15,Santo Domingo,Matutina,Segundo,15.3,14.0,15.6,15.8,17.0,14.9,15.43,87.2,157,23,Sí
1000,Esteban,Medina Ramos,M,15,Quito,Vespertina,Primero,16.2,15.9,16.3,14.5,15.7,16.4,15.83,80.1,144,36,Sí
1001,Rebeca,Ríos Aguilar,F,16,Santo Domingo,Matutina,Primero,14.6,17.1,14.6,18.0,15.7,17.7,16.28,94.5,170,10,Sí
1002,Fernanda,Torres Mendoza,F,15,Riobamba,Vespertina,Tercero,13.5,13.8,15.0,15.1,13.3,12.7,13.9,75.1,135,45,No
1003,Felipe,González Medina,M,15,Ambato,Matutina,Tercero,12.3,12.3,9.6,14.3,11.6,13.5,12.27,86.5,156,24,No
1004,Carlos,Reyes Rodríguez,M,17,Ambato,Vespertina,Primero,15.1,15.7,15.1,15.3,15.0,14.9,15.18,82.0,148,32,Sí
1005,Miguel,Pérez Jiménez,M,17,Ambato,Matutina,Segundo,12.8,14.1,14.1,14.3,13.1,14.9,13.88,86.4,156,24,No
1006,Stephanie,Flores Pérez,F,18,Guayaquil,Vespertina,Primero,13.3,14.5,13.8,12.6,13.3,14.0,13.58,79.5,143,37,No
1007,Fernando,Pérez Medina,M,17,Santo Domingo,Vespertina,Segundo,15.1,15.6,15.0,15.0,14.5,17.0,15.37,89.9,162,18,Sí
1008,Diego,Ramírez Aguilar,M,17,Ibarra,Vespertina,Tercero,20.0,20.0,19.1,20.0,19.4,20.0,19.75,96.4,174,6,Sí
1009,Fernanda,Ríos Torres,F,16,Santo Domingo,Matutina,Primero,14.7,13.7,13.3,12.8,13.4,14.7,13.77,85.7,154,26,No
1010,Andrea,Ramírez Medina,F,17,Esmeraldas,Matutina,Tercero,13.2,16.8,14.1,14.7,16.0,16.9,15.28,88.4,159,21,Sí
1011,Mateo,Morales Cruz,M,16,Ibarra,Vespertina,Segundo,16.2,19.1,16.4,16.3,15.0,16.5,16.58,87.3,157,23,Sí
1012,Andrea,Castillo Aguilar,F,15,Guayaquil,Vespertina,Tercero,15.7,16.2,14.7,15.4,14.1,18.1,15.7,72.0,130,50,Sí
1013,Daniela,López Díaz,F,16,Esmeraldas,Matutina,Primero,18.9,16.5,16.7,18.3,18.0,18.8,17.87,88.0,158,22,Sí
1014,Daniel,Soto Pérez,M,18,Loja,Matutina,Primero,10.2,11.4,11.3,11.6,10.0,9.5,10.67,80.2,144,36,No
1015,Carlos,Aguilar Rodríguez,M,15,Manta,Matutina,Primero,11.2,10.3,11.7,11.5,11.0,11.1,11.13,80.1,144,36,No
1016,Gabriela,Mendoza González,F,15,Guayaquil,Matutina,Segundo,13.1,13.4,14.5,17.1,14.9,16.2,14.87,91.8,165,15,Sí
1017,Juan,Morales Martínez,M,16,Riobamba,Matutina,Primero,12.4,11.8,12.9,13.3,12.4,15.5,13.05,82.8,149,31,No
1018,Melissa,Hernández Soto,F,16,Santo Domingo,Vespertina,Primero,15.4,15.9,17.0,18.4,17.3,19.9,17.32,90.1,162,18,Sí
1019,Lucía,Jiménez Vega,F,18,Guayaquil,Matutina,Tercero,13.8,14.1,13.6,12.5,14.3,13.3,13.6,77.5,140,40,No
1020,Luis,Vargas Hernández,M,16,Cuenca,Matutina,Primero,14.6,16.4,17.1,16.1,15.0,16.9,16.02,83.5,150,30,Sí
1021,Mariana,González Soto,F,16,Quito,Vespertina,Segundo,14.0,13.2,14.0,13.2,12.4,13.5,13.38,82.4,148,32,No
1022,Mateo,Álvarez Hernández,M,17,Loja,Matutina,Primero,13.5,11.5,13.8,12.0,14.4,12.9,13.02,86.6,156,24,No
1023,Andrés,Medina Pérez,M,18,Guayaquil,Vespertina,Tercero,14.5,14.7,12.8,12.9,15.2,15.9,14.33,82.0,148,32,Sí
1024,Pablo,Ortiz Flores,M,17,Manta,Matutina,Primero,15.3,16.1,15.4,15.1,15.4,18.4,15.95,88.3,159,21,Sí
1025,Stephanie,Mendoza Ríos,F,15,Loja,Vespertina,Segundo,13.8,13.2,14.4,13.3,13.3,13.6,13.6,84.6,152,28,No
1026,Sofía,Morales Aguilar,F,17,Ibarra,Matutina,Segundo,15.9,17.0,14.7,17.9,12.4,17.0,15.82,86.4,156,24,Sí
1027,Isabella,Ríos Romero,F,18,Quito,Matutina,Tercero,13.4,15.1,14.9,16.7,13.4,14.7,14.7,72.6,131,49,Sí
1028,Miguel,López Martínez,M,17,Quito,Matutina,Segundo,20.0,20.0,20.0,18.8,19.7,20.0,19.75,92.0,166,14,Sí
1029,Cristian,Cruz Cruz,M,16,Ibarra,Matutina,Segundo,7.5,7.2,7.1,7.2,7.5,10.4,7.82,79.6,143,37,No
1030,Isabella,Vargas Romero,F,17,Riobamba,Vespertina,Primero,18.4,16.6,16.2,15.8,15.4,14.7,16.18,85.7,154,26,Sí
1031,Sofía,Álvarez Ramos,F,15,Riobamba,Vespertina,Tercero,13.6,15.5,14.7,13.0,14.5,15.2,14.42,82.1,148,32,Sí
1032,Natalia,Castillo Herrera,F,16,Manta,Matutina,Tercero,15.5,15.4,14.3,16.4,14.6,17.0,15.53,77.5,140,40,Sí
1033,Felipe,Aguilar Rodríguez,M,17,Ambato,Matutina,Segundo,10.3,15.0,9.9,12.9,13.4,13.6,12.52,91.7,165,15,No
1034,Jorge,Torres Pérez,M,16,Ambato,Vespertina,Primero,15.3,14.4,14.3,17.1,14.0,16.4,15.25,88.6,159,21,Sí
1035,Gabriel,Álvarez Vargas,M,18,Guayaquil,Matutina,Tercero,15.8,15.1,16.6,16.4,14.1,15.9,15.65,73.1,132,48,Sí
1036,Ricardo,Ramos Martínez,M,15,Guayaquil,Vespertina,Segundo,7.5,7.3,9.5,6.9,7.1,6.1,7.4,74.3,134,46,No
1037,Sebastián,Soto García,M,15,Esmeraldas,Matutina,Segundo,14.1,13.7,15.3,15.6,14.5,14.5,14.62,81.1,146,34,Sí
1038,Fernanda,Aguilar Flores,F,15,Riobamba,Matutina,Tercero,15.5,15.2,15.3,15.8,16.1,16.7,15.77,79.0,142,38,Sí
1039,Valentina,Castillo Flores,F,16,Ambato,Vespertina,Tercero,9.0,11.9,9.7,10.7,10.4,12.6,10.72,77.7,140,40,No
1040,Andrés,Torres Álvarez,M,17,Loja,Vespertina,Segundo,8.9,8.9,10.3,9.1,7.9,8.5,8.93,63.5,114,66,No
1041,Nicolás,Ortiz García,M,17,Ambato,Vespertina,Segundo,9.8,14.3,12.8,11.7,14.1,14.8,12.92,73.0,131,49,No
1042,Sebastián,Ramos Martínez,M,16,Loja,Vespertina,Segundo,16.5,16.1,16.6,16.5,16.7,18.2,16.77,84.9,153,27,Sí
1043,Juan,Vega Pérez,M,17,Loja,Vespertina,Primero,18.3,16.7,18.6,19.7,15.2,18.9,17.9,84.0,151,29,Sí
1044,Gabriel,Pérez Vargas,M,17,Manta,Matutina,Primero,15.6,18.3,17.1,16.0,14.5,16.7,16.37,86.5,156,24,Sí
1045,Ricardo,Martínez Pérez,M,16,Loja,Matutina,Primero,17.6,17.7,16.8,17.0,17.1,16.4,17.1,97.6,176,4,Sí
1046,Jorge,Flores Romero,M,16,Quito,Vespertina,Segundo,13.2,13.8,14.1,12.5,12.5,13.7,13.3,84.8,153,27,No
1047,Lucía,Soto Castillo,F,18,Guayaquil,Vespertina,Primero,9.6,10.8,8.8,13.2,10.6,12.8,10.97,81.4,147,33,No
1048,Rebeca,Mendoza Ríos,F,16,Cuenca,Matutina,Primero,15.1,16.5,14.9,13.9,16.1,17.8,15.72,81.2,146,34,Sí
1049,Ricardo,Mendoza Medina,M,15,Ibarra,Vespertina,Primero,15.3,16.5,16.3,13.1,16.9,17.1,15.87,87.8,158,22,Sí
1050,Pablo,Mendoza Torres,M,17,Esmeraldas,Vespertina,Tercero,12.0,15.1,13.7,14.3,11.7,10.6,12.9,94.5,170,10,No
1051,Andrea,Núñez Herrera,F,15,Cuenca,Vespertina,Segundo,15.6,14.1,13.9,12.7,13.4,12.9,13.77,90.0,162,18,No
1052,Cristian,Jiménez Romero,M,18,Loja,Vespertina,Tercero,19.0,18.2,18.5,17.6,15.1,18.7,17.85,89.5,161,19,Sí
1053,Pablo,Díaz Romero,M,17,Guayaquil,Vespertina,Primero,12.9,11.8,13.9,14.5,12.8,11.4,12.88,81.6,147,33,No
1054,Juan,Cruz Vega,M,16,Quito,Matutina,Tercero,20.0,18.6,17.6,20.0,19.5,20.0,19.28,98.0,176,4,Sí
1055,Andrés,López Herrera,M,16,Esmeraldas,Vespertina,Primero,10.8,10.8,8.9,10.5,9.9,12.3,10.53,70.5,127,53,No
1056,Ana,Álvarez Reyes,F,16,Ibarra,Matutina,Tercero,12.6,10.7,10.9,11.2,9.6,13.2,11.37,79.4,143,37,No
1057,Melissa,Mendoza Flores,F,18,Cuenca,Matutina,Tercero,20.0,18.7,19.2,17.8,18.5,20.0,19.03,93.3,168,12,Sí
1058,Daniel,Aguilar Ortiz,M,18,Riobamba,Matutina,Primero,11.8,13.6,16.5,15.7,17.0,15.8,15.07,84.5,152,28,Sí
1059,Sebastián,Pérez Álvarez,M,16,Guayaquil,Matutina,Segundo,10.5,14.7,13.2,15.3,11.0,14.0,13.12,89.7,161,19,No
1060,Juan,Herrera Rodríguez,M,15,Esmeraldas,Matutina,Primero,12.2,13.6,11.0,14.3,13.6,13.6,13.05,76.2,137,43,No
1061,Paola,Rodríguez Pérez,F,16,Santo Domingo,Matutina,Tercero,13.6,14.6,13.2,14.1,15.2,17.0,14.62,97.4,175,5,Sí
1062,Stephanie,Martínez Soto,F,15,Riobamba,Vespertina,Segundo,16.4,15.7,15.9,16.9,16.4,17.3,16.43,91.2,164,16,Sí
1063,Valeria,Herrera Vargas,F,16,Cuenca,Matutina,Primero,15.7,13.7,16.9,13.6,12.8,14.7,14.57,89.0,160,20,Sí
1064,Isabella,Romero Castillo,F,17,Santo Domingo,Vespertina,Primero,15.1,12.9,15.4,17.7,14.8,16.6,15.42,79.7,143,37,Sí
1065,Andrea,García Díaz,F,16,Esmeraldas,Vespertina,Tercero,15.8,14.3,12.3,13.2,11.9,15.5,13.83,91.3,164,16,No
1066,Alejandro,Ramos Cruz,M,16,Riobamba,Matutina,Primero,13.9,14.3,13.6,14.3,14.1,14.3,14.08,81.4,147,33,Sí
1067,Andrés,Jiménez Herrera,M,17,Quito,Vespertina,Tercero,15.2,12.5,12.1,11.8,12.5,13.8,12.98,75.3,136,44,No
1068,Esteban,González Díaz,M,18,Santo Domingo,Matutina,Tercero,7.5,8.4,9.3,11.0,8.2,9.6,9.0,76.5,138,42,No
1069,Miguel,Núñez Mora,M,15,Loja,Matutina,Tercero,13.6,13.4,14.8,13.3,13.3,13.0,13.57,84.3,152,28,No
1070,Jorge,Núñez Mendoza,M,17,Esmeraldas,Matutina,Tercero,20.0,20.0,19.2,19.5,20.0,20.0,19.78,100.0,180,0,Sí
1071,Nicolás,Mora Hernández,M,16,Ibarra,Vespertina,Segundo,14.2,15.6,15.2,13.6,16.3,16.1,15.17,85.1,153,27,Sí
1072,Fernando,Cruz Mendoza,M,18,Riobamba,Matutina,Tercero,17.2,18.0,16.2,18.8,18.4,18.8,17.9,86.9,156,24,Sí
1073,Cristian,Díaz Herrera,M,15,Riobamba,Matutina,Tercero,13.2,13.5,14.9,14.6,16.1,15.3,14.6,73.5,132,48,Sí
1074,Karina,Díaz Herrera,F,18,Esmeraldas,Matutina,Primero,19.7,19.7,20.0,20.0,19.7,18.7,19.63,93.0,167,13,Sí
1075,Melissa,Romero Jiménez,F,16,Cuenca,Vespertina,Tercero,15.1,17.5,15.3,15.6,13.8,16.3,15.6,86.7,156,24,Sí
1076,Sebastián,Castillo Núñez,M,15,Loja,Vespertina,Primero,16.4,18.6,17.3,16.6,16.4,15.6,16.82,92.6,167,13,Sí
1077,Paola,Hernández Romero,F,16,Riobamba,Matutina,Tercero,13.6,15.1,13.8,12.7,13.8,18.0,14.5,78.1,141,39,Sí
1078,Carolina,Morales García,F,18,Ibarra,Vespertina,Segundo,15.4,13.7,15.2,14.5,11.9,15.0,14.28,87.4,157,23,Sí
1079,Jorge,Ortiz Mendoza,M,15,Ibarra,Matutina,Primero,13.8,11.9,13.0,13.6,12.8,12.5,12.93,84.3,152,28,No
1080,Nicolás,Pérez Jiménez,M,17,Guayaquil,Vespertina,Segundo,17.4,19.0,18.4,19.4,18.1,18.3,18.43,100.0,180,0,Sí
1081,Stephanie,Rodríguez Torres,F,18,Santo Domingo,Vespertina,Primero,12.6,11.4,11.8,11.3,12.2,10.3,11.6,79.3,143,37,No
1082,Luis,Vega Morales,M,16,Santo Domingo,Vespertina,Tercero,14.1,17.7,17.9,17.3,16.5,18.6,17.02,94.7,170,10,Sí
1083,David,Morales González,M,16,Ibarra,Vespertina,Segundo,10.7,11.2,9.5,12.8,10.6,10.2,10.83,85.2,153,27,No
1084,Melissa,Castillo Álvarez,F,17,Manta,Matutina,Primero,13.7,15.1,14.0,17.0,13.9,14.5,14.7,81.8,147,33,Sí
1085,Natalia,Ríos Medina,F,17,Cuenca,Matutina,Segundo,19.4,16.4,19.2,16.9,15.6,18.3,17.63,98.1,177,3,Sí
1086,Luis,González Ríos,M,17,Loja,Matutina,Tercero,17.2,17.3,18.5,18.0,19.3,17.0,17.88,95.8,172,8,Sí
1087,Sofía,Pérez García,F,17,Loja,Vespertina,Primero,8.4,10.1,8.5,11.4,9.4,10.1,9.65,76.9,138,42,No
1088,Paola,Romero Mendoza,F,18,Cuenca,Vespertina,Tercero,17.8,17.2,15.5,18.0,14.0,19.0,16.92,87.3,157,23,Sí
1089,Miguel,Morales Ramos,M,16,Loja,Vespertina,Primero,13.3,13.0,13.5,15.5,12.1,11.8,13.2,86.3,155,25,No
1090,Miguel,Pérez Mendoza,M,16,Quito,Vespertina,Tercero,15.8,15.8,15.5,15.4,14.7,16.8,15.67,92.6,167,13,Sí
1091,Carolina,García Castillo,F,16,Santo Domingo,Vespertina,Tercero,16.9,16.0,17.9,18.5,16.4,19.4,17.52,89.2,161,19,Sí
1092,Valeria,González Jiménez,F,16,Esmeraldas,Matutina,Segundo,20.0,20.0,20.0,18.3,19.7,19.8,19.63,91.0,164,16,Sí
1093,Alejandro,Martínez Castillo,M,16,Santo Domingo,Matutina,Tercero,12.0,12.8,12.3,12.2,12.7,11.6,12.27,90.2,162,18,No
1094,Carlos,Díaz Hernández,M,16,Cuenca,Matutina,Tercero,11.7,13.0,13.6,13.6,11.1,15.4,13.07,88.1,159,21,No
1095,Felipe,Núñez Hernández,M,17,Loja,Matutina,Tercero,15.9,14.1,14.0,18.0,14.7,16.6,15.55,86.3,155,25,Sí
1096,Gabriela,Hernández Ríos,F,18,Manta,Matutina,Primero,10.4,11.1,11.4,13.9,11.3,10.6,11.45,80.6,145,35,No
1097,Karina,Soto Ramos,F,18,Quito,Matutina,Tercero,12.7,13.1,13.5,13.3,13.3,12.7,13.1,76.7,138,42,No
1098,Sebastián,Cruz Medina,M,17,Cuenca,Matutina,Primero,14.8,15.6,13.7,13.5,13.6,13.3,14.08,88.1,159,21,Sí
1099,Juan,Martínez Núñez,M,15,Manta,Vespertina,Tercero,9.9,7.8,8.0,10.0,9.8,9.2,9.12,73.9,133,47,No
1100,Stephanie,Morales Hernández,F,16,Ibarra,Vespertina,Primero,11.3,8.2,11.2,8.9,10.5,11.5,10.27,83.8,151,29,No
1101,Sofía,Soto Romero,F,17,Guayaquil,Vespertina,Primero,12.4,16.0,16.3,13.6,11.1,13.6,13.83,93.4,168,12,No
1102,Esteban,Aguilar Morales,M,15,Guayaquil,Vespertina,Primero,14.7,17.0,16.5,16.1,15.6,16.9,16.13,94.4,170,10,Sí
1103,Sofía,Pérez Herrera,F,18,Guayaquil,Matutina,Primero,12.7,15.4,14.2,14.0,15.2,17.1,14.77,99.7,179,1,Sí
1104,Melissa,Vega Herrera,F,16,Quito,Matutina,Tercero,11.3,9.6,12.2,12.4,13.0,13.7,12.03,90.1,162,18,No
1105,Fernando,González Aguilar,M,17,Ibarra,Vespertina,Primero,15.4,16.8,15.1,15.1,13.6,15.3,15.22,83.0,149,31,Sí
1106,Fernando,Ortiz Núñez,M,17,Ibarra,Matutina,Primero,16.7,16.0,17.6,17.7,16.9,15.9,16.8,86.9,156,24,Sí
1107,María,Romero Herrera,F,17,Cuenca,Matutina,Tercero,12.9,13.9,14.1,12.2,12.5,12.9,13.08,93.0,167,13,No
1108,Carlos,Ríos Mora,M,16,Esmeraldas,Vespertina,Primero,13.5,11.9,14.3,11.8,13.2,15.5,13.37,86.5,156,24,No
1109,Mariana,Díaz Castillo,F,17,Riobamba,Vespertina,Primero,15.3,15.8,17.8,14.9,15.1,16.0,15.82,100.0,180,0,Sí
1110,Valentina,Morales Mendoza,F,16,Santo Domingo,Matutina,Tercero,13.2,14.0,13.5,13.9,12.8,11.6,13.17,72.9,131,49,No
1111,Ricardo,Torres González,M,16,Manta,Matutina,Segundo,14.8,19.1,17.6,18.7,15.8,17.0,17.17,86.1,155,25,Sí
1112,Felipe,Martínez Rodríguez,M,15,Esmeraldas,Vespertina,Segundo,10.7,9.1,9.6,8.4,7.1,11.2,9.35,73.9,133,47,No
1113,Carolina,Flores Reyes,F,16,Ambato,Vespertina,Segundo,12.7,12.1,13.0,11.6,12.5,13.3,12.53,85.6,154,26,No
1114,Luis,Pérez García,M,18,Ibarra,Matutina,Primero,13.5,15.1,16.0,14.5,13.9,15.6,14.77,88.9,160,20,Sí
1115,Melissa,Rodríguez González,F,15,Guayaquil,Vespertina,Tercero,14.6,14.6,13.1,14.5,14.2,15.3,14.38,84.3,152,28,Sí
1116,Jorge,Morales Vargas,M,17,Santo Domingo,Vespertina,Primero,12.0,11.4,11.9,12.1,10.9,12.5,11.8,74.5,134,46,No
1117,Melissa,Reyes Medina,F,18,Esmeraldas,Vespertina,Segundo,14.0,13.8,14.4,13.9,12.0,12.3,13.4,86.0,155,25,No
1118,Fernanda,Soto Reyes,F,18,Riobamba,Matutina,Primero,16.2,17.1,16.7,17.6,16.4,17.2,16.87,93.7,169,11,Sí
1119,Andrea,Rodríguez Flores,F,17,Esmeraldas,Matutina,Primero,14.8,14.6,13.4,14.3,15.1,16.3,14.75,94.8,171,9,Sí
1120,Cristian,Vega Castillo,M,15,Esmeraldas,Vespertina,Tercero,15.4,14.8,15.1,14.9,14.3,15.1,14.93,81.0,146,34,Sí
1121,Karina,Soto Cruz,F,18,Esmeraldas,Vespertina,Tercero,12.2,12.8,11.1,12.9,12.8,14.0,12.63,75.0,135,45,No
1122,Ricardo,Mora Jiménez,M,15,Cuenca,Matutina,Segundo,11.4,12.2,10.8,12.1,11.4,13.2,11.85,80.1,144,36,No
1123,Rebeca,Romero Mora,F,15,Esmeraldas,Vespertina,Primero,17.5,16.6,15.4,18.4,17.0,14.0,16.48,91.4,165,15,Sí
1124,Pablo,Álvarez Soto,M,16,Guayaquil,Matutina,Segundo,16.0,15.9,15.4,15.6,15.7,14.7,15.55,98.8,178,2,Sí
1125,Felipe,Morales Herrera,M,18,Cuenca,Matutina,Primero,20.0,17.1,17.3,16.3,14.9,16.0,16.93,95.8,172,8,Sí
1126,Cristian,Mora Jiménez,M,17,Manta,Matutina,Primero,12.8,11.7,13.7,12.4,9.8,13.5,12.32,76.6,138,42,No
1127,Melissa,Mora García,F,16,Quito,Matutina,Segundo,11.6,12.8,12.3,14.9,13.0,13.2,12.97,86.3,155,25,No
1128,Karina,Jiménez López,F,15,Cuenca,Vespertina,Tercero,17.4,16.4,18.1,19.0,15.5,17.5,17.32,80.2,144,36,Sí
1129,Ana,Ramírez Martínez,F,17,Ambato,Matutina,Segundo,15.4,15.0,14.6,15.2,13.5,16.6,15.05,82.3,148,32,Sí
1130,Lucía,Herrera Núñez,F,16,Loja,Vespertina,Segundo,15.6,15.4,11.5,12.7,12.3,13.0,13.42,87.7,158,22,No
1131,Lucía,Soto Mendoza,F,18,Riobamba,Matutina,Tercero,17.1,19.2,18.8,18.0,16.9,18.7,18.12,98.9,178,2,Sí
1132,Alejandro,González Hernández,M,17,Esmeraldas,Matutina,Tercero,13.0,15.4,15.4,15.7,12.1,14.3,14.32,86.8,156,24,Sí
1133,Gabriel,Martínez Núñez,M,18,Cuenca,Vespertina,Segundo,13.4,17.8,17.3,16.2,15.7,17.5,16.32,86.9,156,24,Sí
1134,Sofía,Pérez Soto,F,15,Esmeraldas,Matutina,Segundo,11.5,10.7,13.1,13.3,13.5,13.6,12.62,79.3,143,37,No
1135,Andrea,Núñez García,F,17,Cuenca,Matutina,Primero,15.9,14.8,14.0,15.4,15.1,14.2,14.9,91.1,164,16,Sí
1136,Lucía,Cruz González,F,17,Guayaquil,Matutina,Segundo,12.6,13.3,13.3,14.2,14.1,14.0,13.58,82.6,149,31,No
1137,Sofía,Vega Vargas,F,16,Manta,Matutina,Tercero,12.0,14.2,15.9,15.0,14.7,14.9,14.45,84.8,153,27,Sí
1138,Stephanie,Ramos Rodríguez,F,16,Loja,Matutina,Segundo,14.6,14.9,15.3,16.7,14.4,17.2,15.52,87.4,157,23,Sí
1139,Karina,Castillo Álvarez,F,17,Ibarra,Vespertina,Tercero,19.0,20.0,20.0,20.0,19.7,20.0,19.78,92.1,166,14,Sí
1140,Gabriel,Herrera Hernández,M,15,Santo Domingo,Vespertina,Primero,12.6,12.2,12.8,12.4,13.2,14.2,12.9,82.5,148,32,No
1141,Daniela,Reyes Díaz,F,16,Riobamba,Matutina,Primero,12.3,13.4,13.1,14.0,12.6,14.2,13.27,76.7,138,42,No
1142,Camila,Flores Vargas,F,17,Cuenca,Matutina,Segundo,15.8,10.2,11.8,11.6,13.7,11.6,12.45,77.9,140,40,No
1143,Ana,Díaz Ríos,F,18,Manta,Matutina,Primero,13.4,10.1,11.5,15.0,10.8,13.3,12.35,81.1,146,34,No
1144,Lucía,Vega Díaz,F,16,Ambato,Matutina,Segundo,15.5,15.9,12.6,15.9,15.2,13.4,14.75,88.5,159,21,Sí
1145,Natalia,Medina Flores,F,15,Guayaquil,Vespertina,Tercero,11.9,14.5,13.0,13.6,11.9,12.0,12.82,85.3,154,26,No
1146,Miguel,Flores Hernández,M,18,Riobamba,Vespertina,Tercero,14.8,14.8,16.3,16.6,15.4,16.5,15.73,91.9,165,15,Sí
1147,Andrés,Morales Mora,M,17,Ibarra,Vespertina,Primero,17.6,15.4,14.6,15.3,11.9,14.2,14.83,79.3,143,37,Sí
1148,Sebastián,Ramos López,M,16,Esmeraldas,Vespertina,Segundo,16.7,13.6,15.4,14.4,15.4,16.8,15.38,90.2,162,18,Sí
1149,Sofía,González Aguilar,F,15,Cuenca,Matutina,Primero,8.4,9.4,9.6,8.4,9.2,11.4,9.4,73.1,132,48,No
1150,Fernando,Castillo Morales,M,16,Loja,Vespertina,Tercero,13.0,13.6,12.0,11.6,12.6,14.7,12.92,83.2,150,30,No
1151,Ana,Martínez Herrera,F,18,Manta,Vespertina,Tercero,17.3,20.0,18.3,19.5,19.1,20.0,19.03,100.0,180,0,Sí
1152,Fernando,Flores Vega,M,18,Esmeraldas,Matutina,Segundo,16.0,19.0,18.2,17.5,17.2,20.0,17.98,90.6,163,17,Sí
1153,Sebastián,Ramos Soto,M,18,Cuenca,Matutina,Segundo,11.0,11.6,9.2,11.0,12.8,13.0,11.43,92.1,166,14,No
1154,Natalia,Medina Ortiz,F,16,Quito,Vespertina,Tercero,16.2,13.1,12.4,14.7,13.2,13.1,13.78,88.9,160,20,No
1155,Jorge,García Martínez,M,15,Ibarra,Matutina,Tercero,13.5,12.0,11.4,13.1,13.6,14.1,12.95,88.3,159,21,No
1156,Carolina,Ramírez Ramírez,F,18,Quito,Matutina,Tercero,15.2,12.9,12.4,14.6,11.7,15.5,13.72,91.3,164,16,No
1157,Gabriela,Ortiz Mendoza,F,15,Cuenca,Vespertina,Tercero,15.3,16.5,15.3,16.4,14.9,16.1,15.75,95.0,171,9,Sí
1158,Gabriel,Martínez Flores,M,17,Santo Domingo,Matutina,Segundo,15.6,15.5,13.6,13.4,13.8,16.9,14.8,97.6,176,4,Sí
1159,Fernanda,Hernández Ramírez,F,16,Ambato,Matutina,Tercero,7.0,9.2,8.8,11.0,8.5,9.9,9.07,73.0,131,49,No
1160,Alejandro,Mora Soto,M,16,Esmeraldas,Matutina,Primero,10.1,11.6,13.2,12.5,11.9,12.2,11.92,89.9,162,18,No
1161,Juan,Torres Hernández,M,15,Quito,Matutina,Tercero,15.9,17.3,17.1,17.9,19.2,18.6,17.67,80.6,145,35,Sí
1162,Paola,Rodríguez García,F,15,Manta,Matutina,Segundo,10.7,11.8,13.1,12.4,11.7,11.5,11.87,79.9,144,36,No
1163,Esteban,Vargas Vega,M,15,Santo Domingo,Vespertina,Segundo,16.1,14.0,15.3,16.0,15.0,17.8,15.7,92.8,167,13,Sí
1164,Luis,García Pérez,M,15,Santo Domingo,Vespertina,Primero,16.0,14.1,13.8,15.3,13.5,13.6,14.38,88.3,159,21,Sí
1165,Ricardo,Reyes Núñez,M,18,Riobamba,Vespertina,Primero,14.4,13.5,11.4,13.3,13.1,11.7,12.9,79.7,143,37,No
1166,Jorge,García Ríos,M,18,Ibarra,Vespertina,Primero,7.2,10.6,10.0,9.0,8.5,9.7,9.17,73.5,132,48,No
1167,Ricardo,Reyes Castillo,M,16,Manta,Matutina,Segundo,10.9,12.4,12.1,12.4,10.6,12.1,11.75,74.3,134,46,No
1168,Daniel,Vargas Herrera,M,18,Esmeraldas,Matutina,Segundo,15.6,14.2,12.6,14.4,14.1,13.2,14.02,86.1,155,25,Sí
1169,Miguel,García López,M,16,Riobamba,Vespertina,Segundo,14.7,12.6,11.9,13.1,13.6,14.9,13.47,91.7,165,15,No
1170,Esteban,Morales Mora,M,16,Guayaquil,Vespertina,Segundo,13.0,14.8,15.0,13.7,11.5,15.1,13.85,83.2,150,30,No
1171,Paola,Mendoza Hernández,F,15,Guayaquil,Matutina,Segundo,14.4,14.1,12.5,13.7,12.5,14.5,13.62,79.0,142,38,No
1172,Fernando,Martínez Ríos,M,17,Loja,Vespertina,Primero,13.5,13.5,12.0,11.7,12.3,13.0,12.67,76.5,138,42,No
1173,Esteban,González González,M,17,Santo Domingo,Matutina,Tercero,12.7,14.2,17.0,16.2,15.3,18.0,15.57,84.7,152,28,Sí
1174,Fernando,Hernández Pérez,M,16,Manta,Vespertina,Primero,13.0,15.9,14.0,14.6,16.2,16.0,14.95,92.9,167,13,Sí
1175,Juan,Medina Ramírez,M,18,Ambato,Matutina,Primero,15.5,15.3,16.6,15.0,16.7,15.2,15.72,89.8,162,18,Sí
1176,Mariana,Ortiz Medina,F,15,Guayaquil,Matutina,Tercero,14.0,14.4,14.8,15.7,15.0,11.9,14.3,82.6,149,31,Sí
1177,Sofía,Aguilar Núñez,F,15,Loja,Matutina,Segundo,13.7,13.0,12.5,13.0,13.1,13.7,13.17,83.4,150,30,No
1178,Fernanda,Núñez Medina,F,15,Ibarra,Vespertina,Tercero,13.9,12.9,14.8,16.6,14.6,14.0,14.47,79.2,143,37,Sí
1179,Ricardo,Morales González,M,17,Manta,Vespertina,Primero,14.0,17.0,17.9,15.6,14.8,16.6,15.98,77.3,139,41,Sí
1180,Sebastián,Núñez Vega,M,15,Quito,Vespertina,Segundo,15.8,15.3,13.4,14.6,14.7,16.5,15.05,81.6,147,33,Sí
1181,Melissa,Ramírez Vargas,F,16,Loja,Matutina,Segundo,13.2,14.5,14.4,16.4,15.4,15.7,14.93,89.0,160,20,Sí
1182,Lucía,Mora Castillo,F,16,Ibarra,Vespertina,Primero,16.6,18.0,19.0,16.4,15.2,16.2,16.9,86.6,156,24,Sí
1183,Mateo,Díaz Martínez,M,18,Santo Domingo,Vespertina,Tercero,15.8,15.4,14.1,14.5,13.8,16.7,15.05,87.6,158,22,Sí
1184,Gabriel,Martínez Castillo,M,17,Loja,Matutina,Primero,13.7,15.9,15.5,14.3,13.3,15.0,14.62,88.0,158,22,Sí
1185,Fernando,Vega Vargas,M,18,Guayaquil,Matutina,Primero,14.1,15.8,16.5,14.5,16.2,16.2,15.55,88.0,158,22,Sí
1186,Gabriela,Díaz Soto,F,17,Guayaquil,Matutina,Primero,15.9,13.7,15.7,17.3,14.8,13.0,15.07,77.0,139,41,Sí
1187,Juan,Ramos Reyes,M,15,Guayaquil,Vespertina,Primero,17.7,20.0,20.0,18.4,17.6,20.0,18.95,89.3,161,19,Sí
1188,Karina,Díaz Martínez,F,18,Manta,Matutina,Segundo,12.0,12.0,11.4,12.0,10.4,11.7,11.58,75.4,136,44,No
1189,María,Mora Torres,F,15,Quito,Matutina,Segundo,16.8,19.3,17.7,18.8,16.9,17.5,17.83,93.2,168,12,Sí
1190,Carolina,González Martínez,F,16,Riobamba,Matutina,Tercero,10.8,11.5,13.3,14.2,12.5,15.8,13.02,87.1,157,23,No
1191,Karina,Mendoza Núñez,F,16,Ibarra,Vespertina,Segundo,15.0,14.4,14.1,16.6,15.5,16.9,15.42,89.0,160,20,Sí
1192,Rebeca,Romero García,F,15,Riobamba,Vespertina,Tercero,15.8,15.2,14.3,13.5,16.0,15.9,15.12,87.0,157,23,Sí
1193,Camila,Medina Núñez,F,16,Ambato,Vespertina,Segundo,14.2,15.6,16.4,18.0,18.0,17.9,16.68,80.7,145,35,Sí
1194,Mateo,Díaz García,M,16,Cuenca,Vespertina,Primero,18.1,18.1,16.9,18.5,17.8,17.9,17.88,96.7,174,6,Sí
1195,Esteban,Martínez Ortiz,M,16,Esmeraldas,Matutina,Primero,16.2,15.2,16.4,16.1,15.7,16.6,16.03,100.0,180,0,Sí
1196,Ana,Morales Torres,F,15,Ibarra,Vespertina,Tercero,15.3,15.8,16.0,15.4,14.1,17.2,15.63,89.7,161,19,Sí
1197,Jorge,Núñez Herrera,M,17,Santo Domingo,Vespertina,Tercero,7.5,9.8,8.6,11.9,10.8,11.3,9.98,72.3,130,50,No
1198,Lucía,Hernández Jiménez,F,15,Ambato,Matutina,Segundo,11.0,10.3,13.1,10.3,12.7,14.0,11.9,79.5,143,37,No
1199,Melissa,Núñez García,F,16,Quito,Vespertina,Primero,14.8,14.8,15.1,16.0,12.9,14.6,14.7,72.4,130,50,Sí
1200,Gabriel,Aguilar Herrera,M,16,Guayaquil,Vespertina,Tercero,16.9,15.5,18.4,16.1,15.8,16.2,16.48,79.3,143,37,Sí
1201,Daniela,Castillo Morales,F,17,Ibarra,Matutina,Tercero,14.9,15.5,15.9,14.4,13.7,17.1,15.25,93.2,168,12,Sí
1202,Luis,Vega Vega,M,17,Ambato,Vespertina,Tercero,16.0,14.2,16.3,15.9,17.2,16.6,16.03,95.5,172,8,Sí
1203,Isabella,Ríos Vargas,F,17,Loja,Vespertina,Primero,16.3,15.5,20.0,20.0,18.3,19.5,18.27,93.2,168,12,Sí
1204,Mariana,González Ortiz,F,16,Cuenca,Matutina,Primero,15.5,16.8,14.8,16.1,15.5,17.2,15.98,87.9,158,22,Sí
1205,Andrés,Reyes Morales,M,16,Quito,Matutina,Tercero,10.8,11.1,11.9,11.6,13.4,12.8,11.93,80.5,145,35,No
1206,Miguel,Medina Álvarez,M,18,Loja,Matutina,Tercero,13.0,12.0,12.5,12.5,12.2,12.7,12.48,87.2,157,23,No
1207,Ricardo,Ramírez Jiménez,M,16,Quito,Matutina,Segundo,14.9,14.0,16.6,15.2,13.9,16.6,15.2,79.7,143,37,Sí
1208,Miguel,Vega López,M,15,Cuenca,Matutina,Segundo,11.4,10.6,12.9,12.7,11.3,15.6,12.42,96.6,174,6,No
1209,Diego,Ríos García,M,17,Ambato,Vespertina,Primero,14.7,15.0,16.0,16.4,17.3,14.4,15.63,86.6,156,24,Sí
1210,Nicolás,Jiménez Castillo,M,17,Riobamba,Vespertina,Segundo,16.6,13.8,15.3,14.9,13.5,15.6,14.95,76.6,138,42,Sí
1211,Carolina,Martínez Flores,F,17,Manta,Vespertina,Tercero,15.1,13.1,11.7,13.1,11.2,15.0,13.2,82.2,148,32,No
1212,María,Flores Ortiz,F,18,Cuenca,Vespertina,Primero,11.3,11.7,12.7,13.2,11.4,12.5,12.13,84.7,152,28,No
1213,Camila,Mora Soto,F,17,Ibarra,Vespertina,Segundo,15.1,15.2,14.2,15.8,15.4,16.2,15.32,85.6,154,26,Sí
1214,Gabriel,Mora Reyes,M,16,Ambato,Vespertina,Tercero,9.3,9.0,7.7,7.6,8.1,10.0,8.62,77.1,139,41,No
1215,Melissa,Hernández Núñez,F,17,Quito,Vespertina,Tercero,15.4,16.5,18.3,14.9,16.9,16.7,16.45,97.0,175,5,Sí
1216,Stephanie,Cruz Jiménez,F,15,Loja,Vespertina,Segundo,17.2,14.6,14.6,17.5,15.0,15.6,15.75,89.4,161,19,Sí
1217,Natalia,Pérez Morales,F,16,Riobamba,Vespertina,Tercero,9.2,12.3,9.6,13.8,10.2,11.8,11.15,82.8,149,31,No
1218,David,González López,M,16,Loja,Vespertina,Segundo,15.6,14.3,15.1,14.3,14.5,13.4,14.53,92.4,166,14,Sí
1219,Isabella,Vega Jiménez,F,16,Loja,Vespertina,Tercero,12.2,13.9,12.5,13.6,12.9,13.8,13.15,87.0,157,23,No
1220,Nicolás,Vega Medina,M,15,Manta,Matutina,Segundo,14.1,14.4,14.4,13.6,12.2,15.0,13.95,88.5,159,21,No
1221,Ricardo,Soto Rodríguez,M,17,Loja,Vespertina,Primero,18.1,18.1,17.6,18.3,18.1,18.3,18.08,99.9,180,0,Sí
1222,Carlos,Castillo Ortiz,M,15,Santo Domingo,Vespertina,Primero,13.5,13.9,12.3,14.7,15.2,15.6,14.2,84.6,152,28,Sí
1223,Fernanda,Aguilar Núñez,F,16,Riobamba,Vespertina,Segundo,15.2,17.5,16.7,15.0,15.8,16.9,16.18,100.0,180,0,Sí
1224,Pablo,Reyes Ríos,M,17,Cuenca,Matutina,Segundo,12.3,13.3,11.5,14.2,12.0,14.3,12.93,88.2,159,21,No
1225,Luis,Mora Vega,M,17,Cuenca,Vespertina,Tercero,16.6,15.4,13.1,15.8,13.6,14.7,14.87,89.7,161,19,Sí
1226,Miguel,López Flores,M,16,Loja,Vespertina,Tercero,14.7,13.9,13.0,15.5,14.3,16.8,14.7,88.7,160,20,Sí
1227,Alejandro,Vargas Ríos,M,15,Santo Domingo,Matutina,Primero,10.1,10.9,9.3,9.6,10.8,12.6,10.55,84.1,151,29,No
1228,Esteban,Aguilar Ortiz,M,18,Ambato,Vespertina,Primero,17.0,14.8,16.2,20.0,16.9,17.9,17.13,90.0,162,18,Sí
1229,Gabriela,Medina Mendoza,F,16,Ibarra,Matutina,Primero,15.0,18.1,14.9,13.9,15.5,15.7,15.52,85.4,154,26,Sí
1230,Andrea,López Vargas,F,17,Quito,Vespertina,Segundo,15.4,15.6,15.6,15.5,15.5,17.6,15.87,88.5,159,21,Sí
1231,Sebastián,Jiménez Martínez,M,15,Quito,Vespertina,Primero,13.1,13.5,11.2,10.9,13.4,13.7,12.63,91.7,165,15,No
1232,Andrés,Ramos Cruz,M,18,Manta,Vespertina,Segundo,12.1,13.6,13.3,13.0,13.7,17.2,13.82,86.6,156,24,No
1233,Miguel,Hernández Mora,M,15,Guayaquil,Vespertina,Segundo,18.9,18.0,20.0,18.1,15.8,18.0,18.13,86.6,156,24,Sí
1234,Juan,Aguilar Morales,M,18,Quito,Vespertina,Primero,11.4,9.5,11.8,11.2,9.1,9.6,10.43,80.3,145,35,No
1235,Gabriela,López Ramos,F,15,Ibarra,Matutina,Segundo,17.6,20.0,19.2,20.0,20.0,20.0,19.47,94.2,170,10,Sí
1236,Valentina,Ortiz Castillo,F,17,Cuenca,Matutina,Tercero,19.0,18.4,18.2,19.2,16.0,18.1,18.15,84.9,153,27,Sí
1237,Carolina,Jiménez López,F,17,Manta,Vespertina,Primero,15.3,16.9,16.8,16.8,15.4,16.6,16.3,100.0,180,0,Sí
1238,Sofía,López Romero,F,17,Loja,Vespertina,Segundo,20.0,18.2,19.4,19.1,16.7,18.1,18.58,88.6,159,21,Sí
1239,Isabella,Martínez Cruz,F,15,Cuenca,Matutina,Segundo,18.4,20.0,16.8,16.9,17.6,16.8,17.75,96.4,174,6,Sí
1240,Jorge,López Pérez,M,16,Riobamba,Vespertina,Segundo,15.1,16.7,15.7,18.1,15.7,17.7,16.5,92.3,166,14,Sí
1241,Gabriela,López Ríos,F,16,Cuenca,Vespertina,Tercero,14.9,18.1,15.6,17.3,15.0,16.8,16.28,82.2,148,32,Sí
1242,Carolina,Torres Soto,F,16,Esmeraldas,Vespertina,Primero,11.9,12.1,11.8,10.9,12.4,15.3,12.4,77.6,140,40,No
1243,Isabella,Torres Rodríguez,F,16,Quito,Matutina,Primero,9.2,9.9,11.4,10.8,10.3,10.2,10.3,77.7,140,40,No
1244,Valeria,García Medina,F,15,Quito,Matutina,Segundo,18.8,17.5,17.2,19.4,17.4,17.1,17.9,88.9,160,20,Sí
1245,Lucía,Núñez López,F,18,Ambato,Vespertina,Segundo,13.3,18.5,16.8,18.2,17.3,17.7,16.97,87.8,158,22,Sí
1246,Luis,Romero Aguilar,M,18,Manta,Vespertina,Tercero,16.1,17.2,18.0,17.3,14.4,16.2,16.53,83.5,150,30,Sí
1247,Daniela,Martínez Medina,F,17,Esmeraldas,Vespertina,Tercero,14.1,13.3,14.3,14.4,11.0,14.4,13.58,80.4,145,35,No
1248,Mateo,Mendoza Flores,M,17,Esmeraldas,Vespertina,Segundo,15.9,14.5,14.1,15.7,14.2,16.6,15.17,97.8,176,4,Sí
1249,Jorge,Medina Ramírez,M,15,Manta,Matutina,Segundo,9.2,10.3,11.0,12.8,12.0,9.2,10.75,79.7,143,37,No
1250,Gabriela,Romero Núñez,F,17,Riobamba,Vespertina,Primero,15.5,17.3,16.6,16.5,17.3,18.6,16.97,86.5,156,24,Sí
1251,Daniela,Romero Herrera,F,17,Guayaquil,Matutina,Primero,16.4,16.7,17.7,15.8,17.4,18.6,17.1,94.8,171,9,Sí
1252,Daniel,Díaz Flores,M,17,Ambato,Vespertina,Tercero,15.6,15.0,15.0,18.2,17.1,18.4,16.55,89.7,161,19,Sí
1253,Fernanda,Romero Reyes,F,17,Riobamba,Matutina,Primero,13.9,13.5,14.5,14.7,15.8,13.6,14.33,93.7,169,11,Sí
1254,Fernando,Díaz Ramos,M,18,Loja,Vespertina,Primero,16.2,17.9,16.3,16.0,19.3,17.7,17.23,92.2,166,14,Sí
1255,Andrés,Ramírez Medina,M,17,Ibarra,Vespertina,Primero,13.8,15.2,13.6,14.6,13.9,16.3,14.57,77.3,139,41,Sí
1256,Isabella,Pérez Soto,F,18,Cuenca,Matutina,Primero,18.3,17.5,17.2,18.5,16.1,19.7,17.88,95.1,171,9,Sí
1257,Rebeca,Reyes Vargas,F,18,Ibarra,Matutina,Primero,11.8,13.7,15.4,14.4,13.8,14.6,13.95,88.7,160,20,No
1258,Miguel,Núñez Ríos,M,15,Santo Domingo,Vespertina,Segundo,13.0,12.8,13.3,12.6,12.1,12.8,12.77,84.6,152,28,No
1259,Ana,Hernández Hernández,F,17,Riobamba,Vespertina,Segundo,19.2,20.0,18.3,16.9,18.2,18.6,18.53,100.0,180,0,Sí
1260,Carlos,González García,M,16,Loja,Vespertina,Tercero,20.0,20.0,20.0,19.8,19.9,20.0,19.95,91.7,165,15,Sí
1261,Ricardo,Ríos Álvarez,M,17,Quito,Vespertina,Segundo,15.0,15.6,12.8,13.4,13.0,17.5,14.55,90.4,163,17,Sí
1262,Daniela,Martínez López,F,16,Ambato,Vespertina,Segundo,14.8,15.3,14.6,17.9,14.6,15.3,15.42,80.7,145,35,Sí
1263,Andrés,Álvarez Medina,M,16,Cuenca,Matutina,Segundo,14.4,14.0,11.2,14.7,11.2,15.5,13.5,80.2,144,36,No
1264,Daniel,Ortiz Ortiz,M,18,Loja,Vespertina,Segundo,13.0,12.9,9.6,10.4,11.5,12.2,11.6,76.6,138,42,No
1265,Camila,Ríos Herrera,F,18,Cuenca,Vespertina,Tercero,16.7,16.4,17.5,18.3,16.7,15.9,16.92,87.1,157,23,Sí
1266,Fernanda,Mora Vargas,F,16,Ambato,Vespertina,Primero,10.8,11.1,12.0,11.7,11.8,13.3,11.78,83.3,150,30,No
1267,Stephanie,Martínez Torres,F,17,Ibarra,Vespertina,Tercero,13.1,13.5,16.6,13.3,13.8,15.5,14.3,87.7,158,22,Sí
1268,Felipe,Mendoza González,M,17,Guayaquil,Vespertina,Tercero,11.2,13.7,12.1,10.1,12.4,13.5,12.17,88.1,159,21,No
1269,Fernanda,Torres Torres,F,18,Cuenca,Matutina,Primero,18.2,19.9,19.8,20.0,17.9,20.0,19.3,95.9,173,7,Sí
1270,Daniela,Mora Pérez,F,15,Ibarra,Matutina,Primero,11.9,11.0,8.7,12.3,12.1,12.1,11.35,73.9,133,47,No
1271,María,Ramírez Álvarez,F,15,Cuenca,Matutina,Segundo,12.8,13.2,12.7,14.1,11.6,13.1,12.92,86.8,156,24,No
1272,Fernanda,Mendoza Medina,F,16,Riobamba,Vespertina,Tercero,17.1,17.2,19.1,16.6,16.5,19.0,17.58,83.6,150,30,Sí
1273,Isabella,Hernández Mora,F,17,Esmeraldas,Matutina,Primero,12.7,16.4,14.8,15.8,14.9,15.3,14.98,82.0,148,32,Sí
1274,Miguel,Romero Flores,M,15,Guayaquil,Vespertina,Segundo,11.4,12.3,10.7,13.7,10.7,11.2,11.67,75.3,136,44,No
1275,Ricardo,Hernández Soto,M,17,Cuenca,Matutina,Segundo,14.3,16.2,15.2,17.0,14.0,14.9,15.27,90.2,162,18,Sí
1276,Felipe,Ortiz Castillo,M,15,Quito,Vespertina,Tercero,12.7,14.8,15.0,14.8,15.0,15.5,14.63,87.5,158,22,Sí
1277,Andrés,Morales Aguilar,M,17,Ibarra,Matutina,Tercero,12.6,13.9,12.2,14.1,11.7,14.1,13.1,85.9,155,25,No
1278,Pablo,Díaz Ramírez,M,15,Riobamba,Vespertina,Segundo,13.3,11.3,13.3,13.5,11.9,15.3,13.1,69.7,125,55,No
1279,Stephanie,Cruz Torres,F,17,Ibarra,Vespertina,Tercero,15.6,13.8,13.6,16.8,13.7,12.8,14.38,90.3,163,17,Sí
1280,Sebastián,Flores Herrera,M,16,Guayaquil,Matutina,Tercero,17.8,15.2,16.4,17.0,17.4,17.0,16.8,92.6,167,13,Sí
1281,Mariana,Pérez Ríos,F,15,Manta,Vespertina,Tercero,15.8,13.9,16.2,13.1,16.2,16.7,15.32,76.4,138,42,Sí
1282,Rebeca,Mendoza Mendoza,F,17,Esmeraldas,Matutina,Tercero,16.5,17.4,16.9,17.0,17.6,17.4,17.13,88.6,159,21,Sí
1283,Carlos,Martínez García,M,17,Ambato,Matutina,Tercero,13.5,15.8,14.6,15.2,13.9,15.6,14.77,87.9,158,22,Sí
1284,Cristian,Medina García,M,17,Ibarra,Matutina,Segundo,13.1,11.1,11.5,11.3,11.6,12.9,11.92,74.4,134,46,No
1285,Fernando,Vega Reyes,M,16,Ambato,Matutina,Tercero,17.1,16.6,17.7,15.6,14.5,18.7,16.7,93.1,168,12,Sí
1286,Andrea,Núñez Aguilar,F,15,Ibarra,Vespertina,Tercero,14.8,15.0,11.7,13.5,13.9,13.5,13.73,82.3,148,32,No
1287,Mariana,Flores Vega,F,15,Quito,Matutina,Primero,15.5,16.2,16.3,17.4,14.4,15.0,15.8,82.3,148,32,Sí
1288,Nicolás,Núñez Hernández,M,18,Esmeraldas,Matutina,Tercero,7.8,10.3,10.2,7.4,12.4,11.1,9.87,72.9,131,49,No
1289,Ricardo,Vega Ortiz,M,17,Esmeraldas,Matutina,Primero,12.4,12.5,12.1,14.4,14.4,14.4,13.37,86.8,156,24,No
1290,Andrea,Rodríguez Álvarez,F,15,Loja,Vespertina,Tercero,15.6,13.5,13.8,14.8,14.0,15.0,14.45,77.4,139,41,Sí
1291,Alejandro,Jiménez Morales,M,18,Ibarra,Vespertina,Primero,6.3,6.8,7.7,7.1,6.0,8.5,7.07,66.9,120,60,No
1292,Mateo,Díaz Torres,M,17,Riobamba,Matutina,Segundo,13.7,11.7,12.6,13.6,12.1,15.4,13.18,89.0,160,20,No
1293,Rebeca,Flores López,F,18,Esmeraldas,Vespertina,Segundo,16.8,17.0,17.2,15.9,16.0,16.4,16.55,80.3,145,35,Sí
1294,Paola,Ramírez López,F,16,Esmeraldas,Vespertina,Primero,11.9,13.4,13.6,11.9,11.9,13.0,12.62,82.1,148,32,No
1295,Alejandro,Flores Vega,M,15,Manta,Vespertina,Segundo,12.5,11.3,10.4,10.2,10.6,12.0,11.17,83.7,151,29,No
1296,Juan,Jiménez González,M,18,Quito,Vespertina,Segundo,13.3,15.6,16.1,15.1,14.2,16.1,15.07,86.5,156,24,Sí
1297,Carlos,Castillo Núñez,M,16,Quito,Vespertina,Segundo,16.3,19.4,15.6,17.0,16.8,17.1,17.03,100.0,180,0,Sí
1298,Andrea,Ramos Torres,F,15,Cuenca,Vespertina,Segundo,7.9,7.7,8.2,9.8,7.0,6.6,7.87,69.2,125,55,No
1299,Daniela,García Mora,F,17,Riobamba,Vespertina,Primero,14.0,15.5,16.6,17.6,13.5,16.3,15.58,93.7,169,11,Sí
1300,Pablo,Vega Cruz,M,15,Guayaquil,Vespertina,Primero,12.4,15.0,14.6,14.5,13.6,13.6,13.95,87.3,157,23,No
1301,David,Mora Flores,M,17,Manta,Matutina,Tercero,12.9,13.3,11.6,13.9,14.4,13.7,13.3,94.0,169,11,No
1302,Isabella,Flores Martínez,F,18,Cuenca,Matutina,Primero,11.5,13.3,10.2,11.1,13.6,15.1,12.47,83.1,150,30,No
1303,Diego,Mendoza García,M,17,Ambato,Matutina,Tercero,11.8,11.9,12.9,12.0,11.3,15.8,12.62,81.3,146,34,No
1304,Carolina,Mendoza Torres,F,18,Loja,Matutina,Primero,17.2,14.4,15.1,16.2,15.3,17.0,15.87,91.3,164,16,Sí
1305,Daniela,Rodríguez Hernández,F,15,Quito,Matutina,Segundo,16.2,16.6,17.9,17.5,17.4,15.8,16.9,90.2,162,18,Sí
1306,Fernando,Cruz Hernández,M,18,Manta,Matutina,Tercero,17.7,19.5,17.8,17.5,18.9,20.0,18.57,88.8,160,20,Sí
1307,Camila,Medina Ramos,F,17,Guayaquil,Vespertina,Primero,18.6,17.7,17.4,18.4,18.3,19.0,18.23,100.0,180,0,Sí
1308,Nicolás,Flores Mendoza,M,15,Manta,Vespertina,Segundo,15.1,17.1,15.9,14.4,15.0,17.1,15.77,80.8,145,35,Sí
1309,Valentina,Soto Ríos,F,18,Guayaquil,Vespertina,Tercero,14.5,17.5,14.6,15.3,14.3,18.7,15.82,89.3,161,19,Sí
1310,Stephanie,Castillo García,F,16,Ambato,Matutina,Tercero,16.3,16.9,16.8,14.9,16.1,18.9,16.65,100.0,180,0,Sí
1311,Ana,Vargas Cruz,F,16,Ibarra,Matutina,Segundo,10.9,9.5,10.6,11.1,11.0,10.4,10.58,79.0,142,38,No
1312,Diego,Álvarez Medina,M,17,Riobamba,Vespertina,Tercero,15.1,16.2,15.3,17.5,14.7,15.4,15.7,75.6,136,44,Sí
1313,Andrea,Herrera Cruz,F,16,Manta,Vespertina,Segundo,11.7,14.0,12.7,14.5,14.6,16.5,14.0,83.1,150,30,Sí
1314,Gabriela,Pérez Soto,F,18,Cuenca,Vespertina,Segundo,12.6,12.9,14.8,13.8,12.1,13.5,13.28,86.2,155,25,No
1315,Luis,Castillo Mendoza,M,17,Santo Domingo,Matutina,Tercero,12.9,10.9,11.4,9.2,9.8,11.8,11.0,87.4,157,23,No
1316,Lucía,Hernández Ortiz,F,17,Riobamba,Vespertina,Tercero,17.6,15.2,15.3,18.1,17.0,15.7,16.48,87.4,157,23,Sí
1317,Isabella,Castillo Mora,F,17,Santo Domingo,Vespertina,Tercero,10.5,10.0,8.1,10.9,10.4,9.4,9.88,82.0,148,32,No
1318,Rebeca,Álvarez Aguilar,F,15,Cuenca,Vespertina,Tercero,12.8,14.3,15.7,14.2,14.4,15.5,14.48,82.0,148,32,Sí
1319,Fernanda,Mora Díaz,F,15,Manta,Matutina,Segundo,14.5,17.3,15.9,17.2,16.2,17.8,16.48,87.4,157,23,Sí
1320,Pablo,Vargas Díaz,M,18,Ibarra,Matutina,Primero,9.0,10.0,12.9,10.8,12.8,12.9,11.4,80.6,145,35,No
1321,Gabriel,Herrera Mora,M,16,Guayaquil,Vespertina,Segundo,13.3,14.1,16.0,16.7,15.5,14.6,15.03,88.5,159,21,Sí
1322,Mateo,Aguilar Vargas,M,15,Santo Domingo,Matutina,Tercero,18.1,19.2,17.0,20.0,19.3,20.0,18.93,93.0,167,13,Sí
1323,Cristian,González Ramos,M,18,Manta,Matutina,Tercero,13.8,12.5,13.3,14.8,11.2,13.2,13.13,80.2,144,36,No
1324,Pablo,Medina Rodríguez,M,15,Manta,Vespertina,Primero,17.5,16.3,16.7,16.4,17.5,18.2,17.1,86.2,155,25,Sí
1325,Daniela,Jiménez Vega,F,18,Cuenca,Vespertina,Primero,10.1,11.2,9.8,9.1,9.7,12.0,10.32,80.1,144,36,No
1326,Mateo,Castillo Díaz,M,18,Guayaquil,Vespertina,Tercero,14.4,13.1,13.4,15.4,14.4,12.5,13.87,85.3,154,26,No
1327,Nicolás,Morales Ríos,M,15,Guayaquil,Vespertina,Segundo,17.0,20.0,15.7,16.2,18.1,15.6,17.1,85.9,155,25,Sí
1328,Juan,Castillo Mendoza,M,18,Riobamba,Vespertina,Primero,13.8,15.3,14.7,15.2,14.4,14.4,14.63,89.7,161,19,Sí
1329,Luis,Núñez Rodríguez,M,18,Loja,Matutina,Segundo,8.4,10.4,11.8,10.4,10.0,14.8,10.97,82.1,148,32,No
1330,Miguel,Cruz Pérez,M,15,Manta,Matutina,Segundo,12.7,14.7,15.4,13.8,15.0,15.9,14.58,82.9,149,31,Sí
1331,Esteban,Díaz Ríos,M,16,Quito,Vespertina,Tercero,11.9,10.6,10.2,13.1,12.5,11.2,11.58,69.2,125,55,No
1332,Esteban,Hernández Hernández,M,17,Esmeraldas,Vespertina,Segundo,11.4,8.8,8.8,12.4,10.0,13.2,10.77,75.4,136,44,No
1333,Camila,Ramos Cruz,F,15,Santo Domingo,Vespertina,Primero,20.0,18.4,18.9,15.3,19.6,18.5,18.45,92.2,166,14,Sí
1334,Ana,Pérez Flores,F,16,Esmeraldas,Matutina,Tercero,7.7,9.6,7.6,10.4,9.9,10.0,9.2,78.4,141,39,No
1335,Melissa,García Soto,F,17,Guayaquil,Matutina,Tercero,16.7,16.8,19.2,15.5,15.5,18.7,17.07,85.5,154,26,Sí
1336,Juan,Castillo González,M,18,Cuenca,Vespertina,Segundo,12.8,9.2,12.6,12.3,13.2,11.1,11.87,82.1,148,32,No
1337,Nicolás,Álvarez Álvarez,M,16,Quito,Vespertina,Segundo,15.4,15.5,14.6,13.8,15.4,15.2,14.98,83.2,150,30,Sí
1338,Gabriela,Soto Castillo,F,15,Quito,Vespertina,Tercero,13.0,13.3,13.2,13.4,13.2,12.9,13.17,76.0,137,43,No
1339,Camila,Aguilar Jiménez,F,17,Esmeraldas,Vespertina,Primero,15.2,16.1,17.2,15.1,14.7,15.0,15.55,98.6,177,3,Sí
1340,Juan,Reyes Rodríguez,M,15,Ibarra,Matutina,Primero,14.8,15.8,13.0,15.7,14.5,16.7,15.08,90.2,162,18,Sí
1341,Luis,Mora Mora,M,16,Quito,Matutina,Tercero,14.9,18.2,14.6,17.9,15.8,16.6,16.33,84.6,152,28,Sí
1342,Carlos,Díaz Álvarez,M,18,Esmeraldas,Vespertina,Primero,17.3,16.8,18.1,18.7,15.6,16.9,17.23,91.1,164,16,Sí
1343,Sofía,Pérez Vega,F,15,Santo Domingo,Matutina,Primero,13.0,13.1,13.1,11.4,12.1,12.0,12.45,88.0,158,22,No
1344,Juan,Rodríguez García,M,17,Loja,Vespertina,Tercero,14.6,15.8,13.8,15.7,11.3,15.0,14.37,95.9,173,7,Sí
1345,Fernanda,Flores Torres,F,18,Quito,Matutina,Primero,16.0,15.3,16.8,14.0,16.0,17.6,15.95,87.3,157,23,Sí
1346,Isabella,Pérez Mora,F,17,Guayaquil,Matutina,Tercero,15.2,13.0,14.8,14.2,13.4,13.3,13.98,91.8,165,15,No
1347,Karina,García Pérez,F,16,Riobamba,Vespertina,Segundo,11.9,11.5,9.4,10.3,7.3,11.1,10.25,79.1,142,38,No
1348,David,Morales Soto,M,17,Esmeraldas,Vespertina,Primero,13.0,14.2,15.1,15.1,12.1,17.0,14.42,75.6,136,44,Sí
1349,Ricardo,Castillo Núñez,M,18,Manta,Vespertina,Segundo,10.4,12.1,14.3,9.8,11.2,12.1,11.65,59.5,107,73,No
1350,Pablo,Vargas Ramírez,M,17,Santo Domingo,Vespertina,Primero,15.3,16.4,17.0,15.2,17.2,17.9,16.5,82.5,148,32,Sí
1351,Andrés,Reyes Flores,M,15,Quito,Vespertina,Tercero,12.6,11.0,14.8,12.4,13.3,13.4,12.92,75.8,136,44,No
1352,Sebastián,Ríos Díaz,M,16,Manta,Vespertina,Tercero,10.3,12.3,13.0,11.5,12.4,13.5,12.17,77.1,139,41,No
1353,Isabella,González Medina,F,15,Cuenca,Matutina,Primero,14.2,15.8,13.0,12.3,14.2,13.8,13.88,79.0,142,38,No
1354,Carlos,Martínez García,M,15,Ibarra,Vespertina,Primero,19.0,16.9,20.0,19.0,16.9,18.6,18.4,98.9,178,2,Sí
1355,Diego,Ramírez Rodríguez,M,18,Quito,Matutina,Tercero,16.3,13.7,12.8,15.9,12.3,13.5,14.08,89.6,161,19,Sí
1356,Rebeca,Herrera Castillo,F,18,Esmeraldas,Matutina,Segundo,18.4,16.7,15.7,18.0,16.3,16.8,16.98,97.5,176,4,Sí
1357,Valeria,Ramírez Jiménez,F,16,Quito,Matutina,Primero,11.6,8.9,11.3,9.9,9.1,9.8,10.1,81.1,146,34,No
1358,Fernando,López Mora,M,15,Ibarra,Matutina,Segundo,16.1,16.0,13.8,13.8,14.2,16.3,15.03,76.8,138,42,Sí
1359,Carlos,Pérez Ortiz,M,17,Quito,Matutina,Segundo,12.6,14.2,12.0,13.7,10.7,13.4,12.77,75.9,137,43,No
1360,Rebeca,Núñez Medina,F,17,Riobamba,Vespertina,Segundo,12.7,13.1,13.3,13.2,13.7,12.2,13.03,87.0,157,23,No
1361,Pablo,González Mora,M,16,Ambato,Vespertina,Tercero,11.2,10.2,13.6,10.9,9.9,11.6,11.23,73.7,133,47,No
1362,Fernanda,Medina Díaz,F,16,Santo Domingo,Matutina,Segundo,17.8,18.0,17.4,20.0,18.8,20.0,18.67,97.0,175,5,Sí
1363,Gabriel,Rodríguez Vega,M,16,Ibarra,Vespertina,Primero,12.5,14.0,16.0,14.1,14.8,12.1,13.92,84.2,152,28,No
1364,Valentina,Núñez Martínez,F,15,Santo Domingo,Matutina,Primero,15.6,15.1,15.1,15.0,12.8,14.8,14.73,84.7,152,28,Sí
1365,Sebastián,Núñez González,M,18,Guayaquil,Vespertina,Primero,15.4,15.7,14.2,16.1,13.0,16.2,15.1,77.6,140,40,Sí
1366,David,Flores Jiménez,M,15,Manta,Matutina,Primero,17.0,15.9,16.3,18.0,13.3,18.9,16.57,90.9,164,16,Sí
1367,Carlos,Morales Cruz,M,16,Manta,Vespertina,Primero,14.6,16.1,15.4,15.0,16.0,15.7,15.47,89.9,162,18,Sí
1368,Miguel,Soto Álvarez,M,16,Riobamba,Vespertina,Primero,13.5,16.0,15.7,15.2,14.6,18.4,15.57,84.6,152,28,Sí
1369,David,López Mora,M,18,Riobamba,Vespertina,Tercero,15.4,14.4,14.1,14.4,15.5,14.3,14.68,78.5,141,39,Sí
1370,María,Martínez Reyes,F,15,Ibarra,Vespertina,Tercero,8.8,11.1,13.1,12.7,11.7,14.2,11.93,82.4,148,32,No
1371,Paola,Castillo González,F,15,Cuenca,Matutina,Segundo,15.1,13.9,15.0,17.3,13.9,16.7,15.32,83.7,151,29,Sí
1372,Fernanda,Ríos Flores,F,15,Guayaquil,Matutina,Tercero,13.0,12.2,14.0,15.2,11.8,14.0,13.37,93.0,167,13,No
1373,Jorge,Torres Díaz,M,17,Ibarra,Matutina,Tercero,15.4,14.9,13.2,13.9,15.1,15.2,14.62,85.3,154,26,Sí
1374,Valentina,Soto Rodríguez,F,15,Cuenca,Matutina,Primero,18.8,17.5,19.2,20.0,19.8,20.0,19.22,92.9,167,13,Sí
1375,Ana,Flores Mendoza,F,18,Quito,Matutina,Segundo,15.8,16.4,13.9,14.0,14.8,15.7,15.1,98.8,178,2,Sí
1376,Diego,Mendoza Álvarez,M,15,Guayaquil,Matutina,Segundo,20.0,20.0,19.4,20.0,20.0,20.0,19.9,93.9,169,11,Sí
1377,Esteban,Soto Álvarez,M,18,Quito,Matutina,Tercero,11.2,8.9,13.3,14.5,9.7,13.6,11.87,100.0,180,0,No
1378,Valentina,Romero Ortiz,F,17,Santo Domingo,Vespertina,Segundo,14.4,12.4,15.8,14.8,12.1,14.9,14.07,86.6,156,24,Sí
1379,Isabella,Castillo Vargas,F,18,Ibarra,Matutina,Segundo,16.0,16.4,15.4,13.7,12.1,16.7,15.05,87.7,158,22,Sí
1380,Gabriel,Cruz Soto,M,16,Cuenca,Matutina,Tercero,12.7,13.5,13.8,14.0,12.1,15.6,13.62,77.7,140,40,No
1381,Luis,Álvarez Núñez,M,18,Ibarra,Matutina,Primero,13.8,14.6,15.5,14.0,11.2,13.7,13.8,69.2,125,55,No
1382,Carlos,Hernández Ortiz,M,17,Manta,Matutina,Primero,15.7,16.9,16.9,18.9,16.4,17.5,17.05,91.0,164,16,Sí
1383,Mariana,Morales Ramos,F,18,Manta,Vespertina,Tercero,10.4,12.1,10.1,12.8,12.9,13.3,11.93,87.7,158,22,No
1384,Camila,López Díaz,F,15,Guayaquil,Vespertina,Segundo,16.8,15.5,19.2,16.8,16.3,18.3,17.15,100.0,180,0,Sí
1385,Isabella,Flores Ramos,F,16,Guayaquil,Matutina,Tercero,14.2,14.6,13.3,14.1,14.0,14.3,14.08,90.1,162,18,Sí
1386,Carlos,Díaz Ramos,M,16,Quito,Matutina,Primero,15.3,16.3,14.7,16.3,16.0,15.2,15.63,83.6,150,30,Sí
1387,Felipe,Herrera Ramos,M,17,Ambato,Vespertina,Tercero,15.4,15.7,16.1,15.9,15.3,13.7,15.35,78.0,140,40,Sí
1388,Daniel,Vargas Soto,M,18,Guayaquil,Vespertina,Segundo,16.1,17.4,16.2,13.9,17.0,18.0,16.43,94.5,170,10,Sí
1389,Natalia,Ríos Rodríguez,F,16,Ambato,Vespertina,Tercero,14.7,15.6,15.0,16.3,16.1,14.9,15.43,88.0,158,22,Sí
1390,Isabella,Torres Aguilar,F,18,Quito,Matutina,Segundo,9.7,8.5,9.4,6.3,9.4,9.2,8.75,73.9,133,47,No
1391,Sofía,Álvarez Rodríguez,F,15,Santo Domingo,Matutina,Primero,14.9,13.4,13.1,16.5,14.2,13.9,14.33,95.5,172,8,Sí
1392,Ana,Pérez Rodríguez,F,18,Loja,Vespertina,Primero,11.8,13.8,14.8,13.7,14.6,15.3,14.0,90.4,163,17,Sí
1393,Alejandro,Martínez Hernández,M,16,Loja,Vespertina,Segundo,10.3,10.0,11.8,12.3,8.5,11.0,10.65,86.5,156,24,No
1394,Fernanda,González García,F,18,Riobamba,Matutina,Primero,13.5,14.3,14.6,13.7,12.7,16.6,14.23,91.3,164,16,Sí
1395,Camila,Morales Mendoza,F,16,Ambato,Vespertina,Tercero,12.1,13.7,16.1,14.8,12.5,12.5,13.62,70.4,127,53,No
1396,Rebeca,Herrera Torres,F,16,Quito,Vespertina,Segundo,13.5,12.8,13.4,14.1,10.9,14.0,13.12,84.6,152,28,No
1397,Sofía,Núñez Díaz,F,18,Riobamba,Vespertina,Primero,10.5,13.2,11.3,10.5,12.3,12.7,11.75,76.1,137,43,No
1398,Carolina,Ramírez Hernández,F,18,Guayaquil,Matutina,Primero,13.1,11.4,13.1,13.5,12.5,14.6,13.03,87.0,157,23,No
1399,Juan,Martínez Medina,M,16,Cuenca,Matutina,Segundo,13.3,13.2,13.0,10.2,10.6,11.5,11.97,69.6,125,55,No
1400,Ricardo,Hernández Martínez,M,17,Cuenca,Vespertina,Primero,9.4,12.4,8.9,11.3,10.4,11.1,10.58,84.9,153,27,No
1401,Sebastián,Romero Ramos,M,16,Cuenca,Matutina,Primero,15.5,12.0,17.9,15.9,19.5,16.9,16.28,91.4,165,15,Sí
1402,Fernanda,Cruz Soto,F,15,Quito,Vespertina,Tercero,13.4,13.4,10.7,14.0,13.6,14.1,13.2,89.9,162,18,No
1403,Fernando,Núñez Vega,M,15,Loja,Matutina,Primero,13.8,15.0,15.1,16.6,14.9,17.4,15.47,84.2,152,28,Sí
1404,Fernando,Hernández Romero,M,17,Santo Domingo,Vespertina,Primero,15.4,15.5,15.7,17.3,14.9,14.2,15.5,86.3,155,25,Sí
1405,Karina,Aguilar Mendoza,F,17,Guayaquil,Matutina,Tercero,14.3,14.7,13.9,11.8,13.1,15.9,13.95,95.8,172,8,No
1406,Alejandro,Torres Morales,M,15,Manta,Vespertina,Primero,17.7,18.0,15.9,17.8,16.2,18.4,17.33,95.0,171,9,Sí
1407,Carolina,Pérez Romero,F,18,Manta,Vespertina,Primero,11.6,11.9,12.6,11.1,11.9,11.5,11.77,76.0,137,43,No
1408,María,Hernández Martínez,F,15,Guayaquil,Matutina,Tercero,14.8,14.6,15.3,15.1,14.3,14.2,14.72,89.3,161,19,Sí
1409,Fernanda,Castillo Romero,F,15,Esmeraldas,Matutina,Primero,11.7,10.4,11.3,12.1,11.3,11.8,11.43,80.1,144,36,No
1410,Natalia,Morales Ramos,F,15,Guayaquil,Matutina,Segundo,14.1,17.0,14.6,14.8,15.3,14.3,15.02,90.7,163,17,Sí
1411,Daniela,Mendoza Pérez,F,16,Ambato,Matutina,Segundo,10.5,9.1,10.7,11.4,11.1,10.9,10.62,74.2,134,46,No
1412,Diego,González Soto,M,17,Manta,Matutina,Primero,17.7,17.4,18.0,15.9,15.2,20.0,17.37,83.7,151,29,Sí
1413,Diego,González Torres,M,18,Riobamba,Matutina,Primero,10.7,12.2,11.5,12.8,12.6,12.1,11.98,72.0,130,50,No
1414,Esteban,Pérez Núñez,M,18,Loja,Matutina,Tercero,12.0,12.4,12.1,12.1,10.1,12.3,11.83,70.0,126,54,No
1415,Valeria,Díaz González,F,18,Manta,Vespertina,Primero,18.0,17.4,19.4,18.3,18.9,20.0,18.67,92.1,166,14,Sí
1416,Cristian,Núñez Ramírez,M,17,Cuenca,Vespertina,Primero,14.9,16.3,16.1,15.4,14.8,14.4,15.32,85.0,153,27,Sí
1417,Diego,Romero Ortiz,M,15,Manta,Matutina,Tercero,16.6,14.9,13.5,17.3,15.0,17.0,15.72,71.7,129,51,Sí
1418,Fernanda,Ramos González,F,16,Guayaquil,Matutina,Tercero,16.1,14.2,14.8,14.3,14.7,16.3,15.07,92.4,166,14,Sí
1419,Jorge,Vega Castillo,M,18,Santo Domingo,Matutina,Segundo,18.0,19.5,16.7,18.3,20.0,18.8,18.55,76.9,138,42,Sí
1420,Carolina,Rodríguez Morales,F,15,Cuenca,Vespertina,Segundo,9.8,8.7,11.3,10.4,10.7,10.4,10.22,68.8,124,56,No
1421,Cristian,Hernández Vega,M,17,Riobamba,Vespertina,Primero,13.3,14.6,14.0,13.5,12.0,15.1,13.75,85.7,154,26,No
1422,Mateo,Aguilar Morales,M,15,Esmeraldas,Vespertina,Primero,11.0,11.7,12.0,12.1,12.1,13.1,12.0,80.9,146,34,No
1423,Isabella,Vega Núñez,F,17,Santo Domingo,Matutina,Tercero,9.0,11.5,10.5,11.6,12.5,11.5,11.1,82.4,148,32,No
1424,Sofía,Flores Romero,F,16,Esmeraldas,Matutina,Primero,13.9,14.5,13.7,17.2,14.5,16.5,15.05,82.8,149,31,Sí
1425,Ana,Romero Morales,F,18,Ambato,Matutina,Primero,14.2,15.6,17.2,16.1,14.7,15.9,15.62,87.9,158,22,Sí
1426,Nicolás,Vega Pérez,M,16,Cuenca,Matutina,Segundo,11.0,10.6,11.7,11.0,11.6,10.3,11.03,79.5,143,37,No
1427,Fernando,Cruz Herrera,M,15,Loja,Vespertina,Segundo,12.0,16.1,14.4,12.5,17.1,16.4,14.75,90.2,162,18,Sí
1428,Pablo,Medina Morales,M,15,Quito,Vespertina,Primero,11.4,12.7,11.2,13.3,11.4,13.5,12.25,82.9,149,31,No
1429,Ricardo,Rodríguez García,M,17,Manta,Matutina,Segundo,14.3,18.2,15.1,14.5,14.6,18.4,15.85,95.2,171,9,Sí
1430,Isabella,Álvarez Cruz,F,18,Ibarra,Vespertina,Segundo,19.2,16.3,17.0,16.0,15.8,15.8,16.68,86.0,155,25,Sí
1431,David,Núñez Reyes,M,15,Santo Domingo,Vespertina,Segundo,14.3,14.2,13.7,13.6,13.8,12.7,13.72,81.2,146,34,No
1432,Luis,Núñez Hernández,M,17,Ibarra,Matutina,Segundo,12.7,15.6,14.8,14.6,13.4,15.5,14.43,87.7,158,22,Sí
1433,Rebeca,Ramírez Álvarez,F,15,Cuenca,Vespertina,Segundo,9.8,8.8,10.2,12.4,10.4,11.8,10.57,88.7,160,20,No
1434,Sebastián,Vargas Reyes,M,17,Guayaquil,Matutina,Primero,14.3,14.8,16.4,14.3,14.0,17.8,15.27,86.6,156,24,Sí
1435,Gabriela,Díaz Vega,F,15,Quito,Matutina,Segundo,14.2,15.2,14.4,16.0,15.9,14.7,15.07,86.2,155,25,Sí
1436,Stephanie,Mora Vargas,F,17,Manta,Matutina,Segundo,13.8,12.8,13.9,13.4,13.4,10.4,12.95,79.7,143,37,No
1437,Melissa,González Herrera,F,18,Ambato,Vespertina,Tercero,18.4,15.2,16.5,15.5,15.3,18.9,16.63,78.0,140,40,Sí
1438,Luis,González Álvarez,M,18,Cuenca,Matutina,Primero,13.6,12.7,14.9,14.3,14.1,13.1,13.78,100.0,180,0,No
1439,Andrea,Vega Núñez,F,18,Quito,Vespertina,Primero,15.0,16.1,14.9,16.6,13.9,15.8,15.38,80.2,144,36,Sí
1440,Carlos,Soto Jiménez,M,18,Guayaquil,Matutina,Primero,16.1,15.2,17.4,15.8,15.1,16.7,16.05,89.0,160,20,Sí
1441,Stephanie,Ortiz Vargas,F,18,Loja,Matutina,Tercero,14.3,12.7,14.6,14.4,13.2,15.4,14.1,80.8,145,35,Sí
1442,Pablo,Medina Mendoza,M,18,Riobamba,Matutina,Tercero,16.3,13.6,13.8,13.8,15.8,14.7,14.67,83.0,149,31,Sí
1443,Fernando,Martínez Ramírez,M,18,Guayaquil,Vespertina,Tercero,13.4,13.4,13.0,14.4,13.6,14.6,13.73,85.2,153,27,No
1444,Daniel,Pérez Ríos,M,16,Ibarra,Matutina,Tercero,12.9,11.0,12.2,10.6,9.4,11.3,11.23,75.3,136,44,No
1445,Felipe,Álvarez López,M,18,Quito,Vespertina,Segundo,18.1,18.5,18.3,18.8,19.0,20.0,18.78,77.7,140,40,Sí
1446,Andrés,Herrera Vega,M,16,Loja,Vespertina,Tercero,14.3,12.8,13.8,13.2,12.7,12.0,13.13,82.5,148,32,No
1447,Karina,Hernández López,F,17,Ibarra,Vespertina,Primero,15.2,14.6,13.9,14.3,15.0,15.3,14.72,94.5,170,10,Sí
1448,Gabriela,Ríos Martínez,F,16,Guayaquil,Vespertina,Tercero,10.6,11.8,9.3,12.3,10.8,13.6,11.4,75.5,136,44,No
1449,Mateo,Núñez Ortiz,M,15,Guayaquil,Vespertina,Tercero,12.6,9.4,9.7,10.7,12.4,14.0,11.47,75.9,137,43,No
1450,Fernando,Vega Martínez,M,15,Santo Domingo,Matutina,Tercero,15.1,14.0,13.7,15.6,13.9,14.9,14.53,84.8,153,27,Sí
1451,Fernando,Hernández Jiménez,M,16,Ibarra,Matutina,Tercero,15.0,13.3,12.5,12.4,14.5,12.5,13.37,77.4,139,41,No
1452,Fernando,González Vargas,M,17,Esmeraldas,Matutina,Tercero,18.3,18.3,20.0,20.0,20.0,20.0,19.43,89.4,161,19,Sí
1453,Valentina,Hernández Ríos,F,18,Riobamba,Vespertina,Primero,10.6,10.7,10.7,11.0,9.2,10.4,10.43,72.5,130,50,No
1454,Daniela,Herrera Núñez,F,17,Manta,Vespertina,Primero,9.9,12.3,10.3,10.5,10.3,15.9,11.53,76.1,137,43,No
1455,Andrés,Hernández García,M,17,Cuenca,Vespertina,Primero,8.7,8.7,9.4,10.0,11.5,11.8,10.02,85.4,154,26,No
1456,Carlos,Hernández Castillo,M,17,Esmeraldas,Vespertina,Segundo,14.5,11.1,15.0,14.4,12.3,13.2,13.42,90.9,164,16,No
1457,Alejandro,Díaz González,M,17,Quito,Vespertina,Segundo,17.4,19.4,17.2,19.6,16.2,16.0,17.63,93.0,167,13,Sí
1458,María,Torres Ramos,F,18,Manta,Matutina,Primero,8.6,11.6,8.6,10.7,8.6,10.7,9.8,77.3,139,41,No
1459,Miguel,Torres Reyes,M,15,Riobamba,Vespertina,Segundo,10.2,10.8,10.7,11.8,12.3,13.0,11.47,77.1,139,41,No
1460,Miguel,Aguilar Martínez,M,17,Cuenca,Vespertina,Primero,18.9,19.6,18.3,18.7,17.7,19.5,18.78,78.9,142,38,Sí
1461,Isabella,Pérez Núñez,F,17,Riobamba,Matutina,Tercero,17.1,15.1,17.3,15.7,15.9,18.6,16.62,87.8,158,22,Sí
1462,Mariana,Vargas Álvarez,F,18,Santo Domingo,Matutina,Segundo,10.1,8.7,8.9,10.4,8.4,10.0,9.42,88.4,159,21,No
1463,Diego,Díaz Pérez,M,16,Esmeraldas,Matutina,Primero,13.7,12.8,15.2,13.5,12.2,13.9,13.55,93.5,168,12,No
1464,Camila,Soto Mendoza,F,15,Manta,Matutina,Primero,14.8,12.4,12.9,13.7,13.9,15.0,13.78,87.3,157,23,No
1465,Cristian,Cruz González,M,15,Esmeraldas,Vespertina,Tercero,10.5,13.2,10.9,13.7,10.2,10.7,11.53,81.0,146,34,No
1466,Luis,Vargas Hernández,M,16,Loja,Matutina,Primero,13.1,14.1,13.1,15.6,14.7,13.8,14.07,84.2,152,28,Sí
1467,Camila,Mora Romero,F,15,Loja,Vespertina,Tercero,19.5,19.8,18.5,20.0,19.2,20.0,19.5,88.7,160,20,Sí
1468,Rebeca,Díaz Cruz,F,16,Manta,Matutina,Segundo,12.3,15.4,11.9,12.8,12.5,14.0,13.15,87.3,157,23,No
1469,Paola,Rodríguez García,F,15,Santo Domingo,Vespertina,Segundo,15.0,15.7,11.7,15.3,15.7,16.2,14.93,86.9,156,24,Sí
1470,Luis,González Medina,M,17,Esmeraldas,Matutina,Tercero,10.2,11.4,10.1,10.6,9.3,11.5,10.52,74.3,134,46,No
1471,Melissa,Flores Castillo,F,15,Manta,Vespertina,Segundo,20.0,20.0,17.9,20.0,20.0,20.0,19.65,100.0,180,0,Sí
1472,Daniel,Reyes Díaz,M,15,Esmeraldas,Matutina,Segundo,14.4,14.5,15.9,15.0,17.0,17.6,15.73,82.4,148,32,Sí
1473,Cristian,Romero Morales,M,15,Manta,Vespertina,Segundo,8.3,9.2,7.8,8.2,8.2,7.6,8.22,72.1,130,50,No
1474,Diego,Díaz Núñez,M,18,Manta,Vespertina,Tercero,17.0,15.8,15.7,18.3,17.3,18.4,17.08,82.9,149,31,Sí
1475,Luis,Flores García,M,16,Quito,Vespertina,Segundo,10.8,10.2,10.5,11.0,10.2,9.7,10.4,81.4,147,33,No
1476,Andrés,Ríos Castillo,M,15,Ambato,Vespertina,Segundo,11.2,9.2,11.1,11.1,8.1,11.7,10.4,73.8,133,47,No
1477,María,Herrera Álvarez,F,15,Cuenca,Vespertina,Segundo,14.3,15.2,15.7,15.2,12.9,15.6,14.82,76.5,138,42,Sí
1478,Mateo,Aguilar Reyes,M,16,Ambato,Matutina,Primero,10.0,10.5,11.2,11.8,13.0,10.6,11.18,81.6,147,33,No
1479,Ana,Vargas Aguilar,F,18,Quito,Matutina,Primero,11.1,9.3,8.1,8.8,7.2,9.7,9.03,73.1,132,48,No
1480,Gabriela,López López,F,16,Cuenca,Vespertina,Segundo,10.0,10.1,9.2,10.7,9.6,10.3,9.98,75.9,137,43,No
1481,Diego,Mendoza Ortiz,M,18,Quito,Vespertina,Segundo,15.5,13.5,15.3,15.6,15.1,18.5,15.58,84.4,152,28,Sí
1482,Carolina,Medina Ramírez,F,17,Santo Domingo,Matutina,Tercero,10.7,10.1,12.8,13.2,11.7,13.7,12.03,87.5,158,22,No
1483,Gabriel,Romero Díaz,M,16,Esmeraldas,Vespertina,Segundo,16.0,14.3,14.2,16.3,15.3,15.4,15.25,82.2,148,32,Sí
1484,María,Morales Torres,F,15,Cuenca,Vespertina,Primero,17.7,17.0,18.9,19.2,16.3,18.3,17.9,92.1,166,14,Sí
1485,Ana,Díaz Mora,F,15,Riobamba,Matutina,Primero,15.7,17.3,17.2,15.9,17.2,18.5,16.97,84.0,151,29,Sí
1486,Fernanda,Soto García,F,15,Quito,Matutina,Tercero,11.8,11.7,12.5,13.6,11.0,12.5,12.18,81.4,147,33,No
1487,Natalia,Hernández Medina,F,16,Santo Domingo,Vespertina,Tercero,12.8,15.0,14.7,15.5,13.8,14.8,14.43,84.2,152,28,Sí
1488,Ana,González Ramos,F,18,Loja,Vespertina,Segundo,14.0,14.0,14.5,16.7,14.6,15.4,14.87,84.6,152,28,Sí
1489,Lucía,Mora Díaz,F,16,Ibarra,Matutina,Primero,15.5,16.8,18.4,18.6,15.6,19.2,17.35,85.2,153,27,Sí
1490,Natalia,Jiménez Jiménez,F,16,Cuenca,Vespertina,Primero,14.8,15.1,15.6,14.7,12.8,15.2,14.7,87.1,157,23,Sí
1491,Camila,Flores Castillo,F,18,Quito,Vespertina,Primero,12.2,15.5,13.8,14.5,12.9,13.8,13.78,88.2,159,21,No
1492,Nicolás,Vargas Morales,M,15,Guayaquil,Vespertina,Primero,18.0,18.1,18.7,20.0,19.2,18.9,18.82,94.1,169,11,Sí
1493,Nicolás,Vargas Álvarez,M,15,Loja,Matutina,Primero,12.0,12.7,12.2,13.5,10.9,13.3,12.43,78.7,142,38,No
1494,Daniela,Rodríguez Herrera,F,17,Santo Domingo,Matutina,Segundo,7.5,7.3,8.3,7.9,6.5,7.5,7.5,69.9,126,54,No
1495,Paola,Romero Pérez,F,18,Loja,Vespertina,Primero,12.1,12.9,12.3,14.8,12.5,15.6,13.37,76.7,138,42,No
1496,Nicolás,Herrera Álvarez,M,15,Cuenca,Matutina,Tercero,14.0,12.9,15.1,14.8,14.4,18.1,14.88,87.3,157,23,Sí
1497,Juan,García Mendoza,M,17,Riobamba,Vespertina,Primero,13.4,15.5,14.3,14.9,12.5,13.1,13.95,83.2,150,30,No
1498,Lucía,Ramírez Martínez,F,16,Ibarra,Matutina,Segundo,12.5,13.5,10.9,14.3,13.4,13.2,12.97,89.0,160,20,No
1499,Isabella,Álvarez Cruz,F,16,Esmeraldas,Matutina,Primero,10.8,9.1,11.2,11.4,11.0,13.0,11.08,76.6,138,42,No
1500,Andrés,Reyes Mendoza,M,16,Ambato,Matutina,Tercero,13.0,14.1,14.7,13.3,14.4,14.8,14.05,89.9,162,18,Sí
1501,Natalia,Soto Díaz,F,15,Loja,Vespertina,Tercero,15.4,19.2,19.5,18.2,15.9,19.2,17.9,89.1,160,20,Sí
1502,Diego,García García,M,18,Manta,Matutina,Primero,13.0,13.0,13.8,10.1,13.1,13.7,12.78,87.7,158,22,No
1503,Daniela,Pérez López,F,18,Ibarra,Matutina,Segundo,15.1,16.9,13.5,16.8,15.0,17.3,15.77,84.8,153,27,Sí
1504,Mateo,Mendoza Díaz,M,16,Esmeraldas,Vespertina,Primero,15.1,15.3,16.4,14.4,15.5,15.4,15.35,99.1,178,2,Sí
1505,María,Herrera Ortiz,F,18,Santo Domingo,Vespertina,Tercero,16.4,17.2,17.0,17.5,18.3,16.8,17.2,90.3,163,17,Sí
1506,Felipe,Medina Jiménez,M,16,Ibarra,Vespertina,Tercero,14.9,12.1,11.4,15.8,13.3,15.9,13.9,91.9,165,15,No
1507,Natalia,Mendoza Cruz,F,16,Guayaquil,Matutina,Tercero,14.9,14.2,14.0,16.1,14.3,16.2,14.95,97.0,175,5,Sí
1508,Karina,Mora Medina,F,18,Quito,Vespertina,Segundo,14.9,14.3,13.6,12.7,14.5,15.9,14.32,89.0,160,20,Sí
1509,Miguel,Aguilar Torres,M,17,Riobamba,Matutina,Primero,14.0,13.9,10.3,11.6,10.6,13.1,12.25,75.4,136,44,No
1510,Karina,Flores Castillo,F,17,Ambato,Vespertina,Primero,9.8,9.7,9.0,8.7,8.3,7.8,8.88,84.1,151,29,No
1511,Valeria,Flores Hernández,F,16,Loja,Vespertina,Tercero,17.3,19.3,16.6,19.3,18.7,18.2,18.23,94.0,169,11,Sí
1512,Stephanie,Ortiz Castillo,F,18,Quito,Vespertina,Tercero,11.1,12.9,14.8,14.4,12.7,14.6,13.42,83.0,149,31,No
1513,Rebeca,Ortiz Morales,F,18,Manta,Vespertina,Tercero,11.8,10.3,13.5,10.1,8.4,12.4,11.08,77.8,140,40,No
1514,Karina,Ramírez Romero,F,18,Ambato,Matutina,Primero,17.8,14.8,15.8,17.1,16.3,17.0,16.47,81.2,146,34,Sí
1515,Ricardo,López Jiménez,M,18,Cuenca,Matutina,Primero,12.1,14.0,12.8,14.8,10.0,14.0,12.95,79.1,142,38,No
1516,Natalia,Díaz Vega,F,17,Santo Domingo,Vespertina,Primero,18.0,17.5,16.5,17.9,18.2,18.3,17.73,83.7,151,29,Sí
1517,Stephanie,Ramos González,F,17,Quito,Vespertina,Primero,14.0,15.9,14.9,16.1,16.7,14.5,15.35,86.4,156,24,Sí
1518,Lucía,García González,F,16,Ambato,Vespertina,Tercero,18.5,18.6,18.8,16.5,19.1,17.1,18.1,90.3,163,17,Sí
1519,Ricardo,Pérez Martínez,M,17,Manta,Matutina,Primero,10.0,11.5,12.5,13.7,10.9,12.6,11.87,76.1,137,43,No
1520,Gabriel,Vega Ramos,M,17,Guayaquil,Matutina,Segundo,11.9,12.1,12.4,10.8,12.4,11.8,11.9,70.3,127,53,No
1521,Camila,Soto Ramírez,F,17,Cuenca,Vespertina,Primero,14.8,15.9,14.6,15.2,14.1,15.8,15.07,89.4,161,19,Sí
1522,Valeria,Flores Vargas,F,15,Esmeraldas,Vespertina,Segundo,16.1,16.0,16.6,17.7,19.0,18.0,17.23,84.6,152,28,Sí
1523,Ricardo,García Hernández,M,17,Manta,Matutina,Tercero,13.4,10.3,12.9,9.2,10.6,13.9,11.72,84.8,153,27,No
1524,Karina,Soto Ramos,F,15,Santo Domingo,Matutina,Segundo,14.3,14.8,12.8,13.8,12.6,15.0,13.88,79.6,143,37,No
1525,Valentina,Herrera Flores,F,15,Ibarra,Vespertina,Tercero,14.6,17.8,14.4,15.3,16.2,16.0,15.72,85.7,154,26,Sí
1526,Stephanie,Ramos Jiménez,F,17,Guayaquil,Vespertina,Primero,9.4,11.6,10.7,12.0,10.8,10.6,10.85,79.3,143,37,No
1527,Isabella,Álvarez Reyes,F,18,Manta,Matutina,Primero,12.4,10.9,11.4,11.0,12.1,14.1,11.98,77.2,139,41,No
1528,Nicolás,López Ríos,M,15,Santo Domingo,Matutina,Segundo,11.5,8.8,12.2,9.5,9.7,11.5,10.53,68.9,124,56,No
1529,Camila,Torres González,F,18,Cuenca,Matutina,Tercero,11.3,13.1,11.2,13.0,14.8,13.3,12.78,84.4,152,28,No
1530,Luis,Medina Soto,M,18,Loja,Vespertina,Tercero,16.1,17.6,20.0,19.1,17.3,20.0,18.35,86.5,156,24,Sí
1531,Sofía,Ortiz Ríos,F,18,Riobamba,Vespertina,Segundo,14.1,16.5,16.9,16.3,15.5,14.6,15.65,82.9,149,31,Sí
1532,Fernando,Vargas López,M,17,Esmeraldas,Matutina,Segundo,9.2,9.9,8.8,9.5,11.4,10.4,9.87,76.3,137,43,No
1533,Pablo,Ramírez Castillo,M,18,Riobamba,Matutina,Tercero,13.6,13.3,14.5,13.6,13.5,14.3,13.8,82.4,148,32,No
1534,Gabriel,García Ortiz,M,17,Guayaquil,Matutina,Primero,16.3,14.3,13.2,14.8,15.7,14.0,14.72,94.4,170,10,Sí
1535,Daniel,García Mora,M,18,Riobamba,Matutina,Primero,18.0,17.2,17.1,19.0,15.7,17.1,17.35,78.0,140,40,Sí
1536,David,Núñez Medina,M,18,Manta,Vespertina,Primero,12.3,13.6,11.5,13.3,10.8,13.2,12.45,73.0,131,49,No
1537,Sebastián,Díaz Morales,M,18,Quito,Vespertina,Segundo,13.6,14.4,14.8,15.9,14.0,14.0,14.45,83.3,150,30,Sí
1538,Mateo,Álvarez Herrera,M,15,Loja,Matutina,Tercero,17.2,17.1,14.3,15.1,16.0,18.0,16.28,90.5,163,17,Sí
1539,Carolina,Vargas Castillo,F,16,Guayaquil,Matutina,Segundo,14.6,13.5,14.1,12.2,11.4,11.3,12.85,98.5,177,3,No
1540,Ana,Pérez Jiménez,F,18,Guayaquil,Vespertina,Tercero,11.3,9.4,11.8,10.2,11.0,10.7,10.73,68.8,124,56,No
1541,Mariana,Martínez Ramos,F,16,Ambato,Vespertina,Tercero,15.8,17.5,15.8,17.6,13.6,17.3,16.27,98.4,177,3,Sí
1542,Ricardo,Aguilar Ramos,M,18,Manta,Matutina,Primero,12.1,16.1,13.8,14.3,14.5,14.2,14.17,86.0,155,25,Sí
1543,Carolina,Álvarez Medina,F,16,Esmeraldas,Matutina,Tercero,14.7,15.7,14.2,16.7,14.9,14.3,15.08,94.0,169,11,Sí
1544,Mariana,Morales Mora,F,17,Cuenca,Matutina,Primero,17.8,18.3,19.0,16.5,18.4,19.0,18.17,90.7,163,17,Sí
1545,Paola,García Álvarez,F,16,Manta,Vespertina,Segundo,12.0,9.7,9.6,12.6,9.7,13.3,11.15,77.7,140,40,No
1546,Daniel,Ramírez Aguilar,M,15,Riobamba,Matutina,Segundo,15.8,15.9,16.2,16.7,14.9,16.6,16.02,85.9,155,25,Sí
1547,Valentina,Torres Ríos,F,17,Manta,Vespertina,Segundo,13.5,13.5,12.0,12.9,13.8,15.9,13.6,83.1,150,30,No
1548,Esteban,Ríos Aguilar,M,16,Ibarra,Vespertina,Segundo,12.1,11.0,16.4,14.3,14.7,15.3,13.97,93.2,168,12,No
1549,Esteban,Aguilar Ortiz,M,18,Cuenca,Matutina,Tercero,14.1,12.7,12.8,13.8,12.9,10.5,12.8,70.5,127,53,No
1550,Miguel,Díaz Aguilar,M,18,Ambato,Vespertina,Primero,18.2,15.0,18.9,19.4,18.2,19.5,18.2,96.0,173,7,Sí
1551,Andrés,Núñez Pérez,M,18,Riobamba,Matutina,Segundo,12.1,14.2,15.3,14.4,13.1,14.9,14.0,88.0,158,22,Sí
1552,Valentina,Ramírez Flores,F,15,Esmeraldas,Matutina,Primero,15.8,18.4,16.9,16.6,14.6,17.4,16.62,91.4,165,15,Sí
1553,Ana,Rodríguez Castillo,F,18,Ambato,Vespertina,Primero,12.7,13.7,11.5,12.6,12.7,12.4,12.6,89.6,161,19,No
1554,Rebeca,Vega Hernández,F,16,Santo Domingo,Vespertina,Segundo,12.4,11.3,13.4,13.2,14.3,13.3,12.98,96.7,174,6,No
1555,María,Hernández Aguilar,F,17,Loja,Matutina,Tercero,12.8,12.4,16.0,12.2,13.2,11.2,12.97,83.2,150,30,No
1556,Camila,Hernández Castillo,F,16,Esmeraldas,Matutina,Segundo,16.3,17.6,17.4,18.6,16.2,19.0,17.52,90.1,162,18,Sí
1557,Lucía,Romero Soto,F,16,Cuenca,Vespertina,Primero,14.4,14.5,11.9,12.7,10.6,14.4,13.08,84.3,152,28,No
1558,Jorge,García Romero,M,17,Manta,Matutina,Segundo,14.0,15.6,16.2,16.2,14.4,14.3,15.12,84.6,152,28,Sí
1559,Gabriela,López Flores,F,16,Esmeraldas,Matutina,Segundo,14.4,14.5,14.4,15.9,12.3,15.9,14.57,86.8,156,24,Sí
1560,Cristian,Álvarez Rodríguez,M,15,Esmeraldas,Vespertina,Tercero,12.6,14.0,15.5,15.8,14.3,13.8,14.33,74.6,134,46,Sí
1561,Ricardo,Soto Romero,M,16,Ambato,Matutina,Segundo,13.3,12.6,12.8,12.9,13.1,13.7,13.07,97.9,176,4,No
1562,Natalia,Ortiz Medina,F,17,Quito,Vespertina,Primero,17.1,18.1,18.1,17.8,17.1,17.3,17.58,95.5,172,8,Sí
1563,Natalia,Aguilar Romero,F,16,Quito,Matutina,Segundo,13.7,15.2,15.5,13.8,15.9,17.2,15.22,86.6,156,24,Sí
1564,Gabriela,Ramos Romero,F,16,Cuenca,Matutina,Primero,14.2,15.4,17.8,15.6,14.3,13.6,15.15,88.5,159,21,Sí
1565,David,Castillo Flores,M,16,Ambato,Matutina,Primero,13.1,14.0,13.7,14.6,14.9,13.6,13.98,90.3,163,17,No
1566,Natalia,Soto Ramos,F,18,Manta,Vespertina,Primero,17.6,18.5,15.9,19.1,16.8,19.6,17.92,91.9,165,15,Sí
1567,Andrea,Pérez Ramírez,F,16,Quito,Vespertina,Primero,11.3,13.3,11.9,11.5,12.9,12.9,12.3,78.5,141,39,No
1568,Isabella,Mendoza Cruz,F,16,Loja,Vespertina,Primero,10.9,12.3,9.2,13.8,10.4,13.1,11.62,84.1,151,29,No
1569,Isabella,Morales Ríos,F,16,Ibarra,Matutina,Tercero,13.5,12.1,13.7,13.7,13.0,13.3,13.22,77.3,139,41,No
1570,Isabella,Flores Núñez,F,18,Manta,Vespertina,Segundo,15.5,14.4,15.3,17.7,15.1,15.1,15.52,78.8,142,38,Sí
1571,Gabriela,González Flores,F,16,Riobamba,Vespertina,Tercero,16.6,17.1,15.8,16.9,14.5,17.8,16.45,100.0,180,0,Sí
1572,Mateo,Ramírez Pérez,M,17,Riobamba,Vespertina,Tercero,11.5,10.9,10.6,11.4,12.9,13.7,11.83,86.4,156,24,No
1573,Gabriel,Mendoza Vega,M,15,Riobamba,Matutina,Segundo,17.7,15.5,16.2,17.1,17.5,16.7,16.78,91.4,165,15,Sí
1574,Felipe,García Cruz,M,16,Santo Domingo,Matutina,Segundo,18.3,17.6,17.2,15.1,17.3,17.3,17.13,81.4,147,33,Sí
1575,Cristian,Núñez González,M,18,Manta,Matutina,Primero,11.4,11.7,10.7,13.5,10.0,11.4,11.45,82.1,148,32,No
1576,Fernanda,Soto González,F,16,Riobamba,Vespertina,Segundo,11.5,11.0,12.4,10.5,9.4,13.0,11.3,71.6,129,51,No
1577,María,Pérez Jiménez,F,17,Ibarra,Matutina,Tercero,13.0,13.1,11.5,11.1,11.1,14.0,12.3,77.7,140,40,No
1578,Ricardo,Herrera Núñez,M,16,Ambato,Vespertina,Primero,11.9,12.2,12.9,12.5,10.7,14.8,12.5,88.7,160,20,No
1579,Esteban,Mendoza Ramírez,M,15,Guayaquil,Matutina,Primero,14.8,17.9,15.2,17.6,13.0,16.1,15.77,92.3,166,14,Sí
1580,Mariana,Ríos Rodríguez,F,17,Quito,Vespertina,Primero,7.6,5.4,9.2,7.5,7.9,9.5,7.85,75.7,136,44,No
1581,Alejandro,García Flores,M,15,Quito,Matutina,Segundo,15.6,15.2,17.6,17.4,14.7,17.7,16.37,83.1,150,30,Sí
1582,Alejandro,Mora Castillo,M,15,Guayaquil,Matutina,Primero,15.1,16.2,15.9,15.1,13.1,16.3,15.28,83.3,150,30,Sí
1583,Luis,Pérez Díaz,M,16,Guayaquil,Vespertina,Primero,16.3,15.6,16.3,16.1,18.1,17.2,16.6,91.0,164,16,Sí
1584,Andrés,Díaz Ríos,M,18,Guayaquil,Matutina,Segundo,18.8,18.9,17.3,17.0,15.7,15.5,17.2,98.0,176,4,Sí
1585,Melissa,Herrera Ramos,F,15,Cuenca,Matutina,Segundo,7.5,7.6,4.9,7.0,6.6,8.6,7.03,65.3,118,62,No
1586,Ricardo,Cruz Ramos,M,17,Santo Domingo,Vespertina,Segundo,14.9,14.1,15.9,15.5,14.5,15.3,15.03,83.2,150,30,Sí
1587,Alejandro,Rodríguez Ríos,M,17,Cuenca,Matutina,Tercero,13.0,13.6,12.9,12.6,12.4,16.1,13.43,84.5,152,28,No
1588,Isabella,Jiménez López,F,18,Ibarra,Vespertina,Segundo,12.6,18.8,15.8,16.9,14.4,13.3,15.3,95.4,172,8,Sí
1589,Valeria,Aguilar Ríos,F,15,Santo Domingo,Vespertina,Tercero,11.4,13.9,12.8,15.3,10.4,14.9,13.12,69.9,126,54,No
1590,Nicolás,Rodríguez Romero,M,17,Riobamba,Vespertina,Segundo,12.4,9.2,10.4,11.5,7.2,10.9,10.27,81.7,147,33,No
1591,Fernando,González Jiménez,M,18,Cuenca,Vespertina,Segundo,12.1,13.7,13.9,12.2,12.3,13.3,12.92,88.9,160,20,No
1592,Valentina,Soto Torres,F,15,Riobamba,Vespertina,Primero,11.0,13.6,9.3,11.5,11.1,12.3,11.47,97.7,176,4,No
1593,Andrea,Castillo Mendoza,F,15,Manta,Matutina,Segundo,13.1,13.4,12.1,13.2,11.8,13.6,12.87,77.0,139,41,No
1594,Miguel,Torres González,M,16,Cuenca,Matutina,Tercero,17.7,18.0,17.6,19.1,17.8,19.2,18.23,99.4,179,1,Sí
1595,Ana,García Ramírez,F,15,Quito,Vespertina,Segundo,13.5,13.9,12.7,16.0,13.0,12.3,13.57,83.5,150,30,No
1596,Daniela,Díaz Vega,F,18,Cuenca,Matutina,Tercero,13.9,14.7,15.7,13.1,13.7,15.7,14.47,83.0,149,31,Sí
1597,Mariana,Martínez Mendoza,F,18,Ibarra,Matutina,Primero,11.5,11.9,10.8,10.8,9.8,13.1,11.32,89.0,160,20,No
1598,Gabriela,Flores López,F,17,Cuenca,Matutina,Tercero,11.8,13.5,11.0,13.1,11.5,11.2,12.02,78.5,141,39,No
1599,Carlos,Jiménez Torres,M,17,Santo Domingo,Matutina,Tercero,14.9,13.8,13.2,13.7,13.8,15.2,14.1,80.0,144,36,Sí
1600,Fernanda,Mora Mora,F,16,Riobamba,Matutina,Segundo,11.2,9.5,13.4,10.4,10.7,10.0,10.87,76.8,138,42,No
1601,Isabella,Romero Núñez,F,15,Riobamba,Vespertina,Tercero,16.8,16.9,17.8,19.0,16.6,18.1,17.53,92.5,166,14,Sí
1602,Alejandro,Díaz Reyes,M,18,Ambato,Matutina,Segundo,14.1,13.2,14.7,14.3,13.3,16.3,14.32,89.0,160,20,Sí
1603,Jorge,Romero Núñez,M,15,Cuenca,Vespertina,Primero,14.0,14.2,15.8,17.3,14.3,15.5,15.18,82.2,148,32,Sí
1604,Lucía,Álvarez Vega,F,18,Cuenca,Vespertina,Primero,10.6,12.3,12.6,13.5,12.2,14.2,12.57,72.6,131,49,No
1605,Sofía,Álvarez Medina,F,16,Manta,Matutina,Tercero,13.2,14.8,15.0,13.0,13.0,15.6,14.1,73.9,133,47,Sí
1606,Alejandro,Hernández Soto,M,18,Esmeraldas,Vespertina,Primero,15.6,16.2,14.6,16.0,15.1,15.4,15.48,93.8,169,11,Sí
1607,Carolina,Hernández Mora,F,16,Guayaquil,Vespertina,Tercero,15.4,17.3,16.9,17.9,16.8,20.0,17.38,94.2,170,10,Sí
1608,Gabriel,Mendoza López,M,18,Cuenca,Matutina,Segundo,15.9,17.0,16.7,17.0,15.5,18.2,16.72,79.2,143,37,Sí
1609,Nicolás,Herrera Torres,M,16,Riobamba,Vespertina,Tercero,13.5,15.5,13.7,12.4,14.9,13.7,13.95,85.1,153,27,No
1610,Felipe,Romero Hernández,M,15,Manta,Vespertina,Primero,7.5,8.0,8.9,8.7,7.8,8.9,8.3,76.7,138,42,No
1611,Daniel,Mendoza Cruz,M,15,Esmeraldas,Matutina,Primero,16.7,16.8,16.2,15.2,15.2,17.9,16.33,90.7,163,17,Sí
1612,Valeria,López Vargas,F,17,Loja,Vespertina,Primero,15.9,14.8,14.4,14.8,16.0,18.1,15.67,89.3,161,19,Sí
1613,Miguel,Aguilar Torres,M,15,Riobamba,Vespertina,Segundo,11.3,9.6,11.2,11.0,9.4,12.9,10.9,83.8,151,29,No
1614,Gabriel,Flores Vega,M,17,Ambato,Matutina,Primero,10.1,9.2,10.8,12.7,11.1,12.9,11.13,83.7,151,29,No
1615,Sofía,González García,F,16,Ibarra,Matutina,Tercero,15.7,15.7,18.4,17.6,16.8,15.9,16.68,91.5,165,15,Sí
1616,Alejandro,Cruz Ortiz,M,18,Quito,Vespertina,Tercero,16.3,14.4,16.0,16.9,16.4,18.0,16.33,92.5,166,14,Sí
1617,Andrés,Ramos González,M,18,Ibarra,Vespertina,Tercero,14.4,15.8,16.3,15.9,15.3,17.3,15.83,87.3,157,23,Sí
1618,Felipe,Álvarez Soto,M,17,Ambato,Matutina,Primero,14.3,14.3,15.5,16.0,12.9,14.5,14.58,89.4,161,19,Sí
1619,Miguel,Cruz Vega,M,17,Guayaquil,Vespertina,Tercero,10.0,11.6,11.1,12.6,15.0,14.6,12.48,93.4,168,12,No
1620,Luis,Rodríguez Rodríguez,M,17,Quito,Vespertina,Segundo,11.2,12.0,10.4,12.3,12.0,9.7,11.27,84.9,153,27,No
1621,Daniel,Hernández Ramírez,M,17,Loja,Matutina,Primero,10.0,12.7,12.0,11.8,12.1,11.6,11.7,86.2,155,25,No
1622,Stephanie,Flores Romero,F,18,Cuenca,Matutina,Segundo,14.3,12.6,13.3,12.0,14.7,14.9,13.63,84.9,153,27,No
1623,Rebeca,González Romero,F,18,Loja,Vespertina,Tercero,16.3,13.5,15.5,16.1,15.4,13.7,15.08,86.7,156,24,Sí
1624,Isabella,Mendoza Torres,F,17,Quito,Vespertina,Tercero,9.1,8.3,10.8,7.7,10.1,10.6,9.43,74.3,134,46,No
1625,María,Hernández González,F,16,Manta,Vespertina,Segundo,16.5,18.3,20.0,18.5,18.6,19.6,18.58,100.0,180,0,Sí
1626,Camila,Morales Rodríguez,F,17,Quito,Vespertina,Primero,10.9,12.4,10.1,10.8,8.5,12.0,10.78,96.6,174,6,No
1627,Felipe,Pérez Álvarez,M,16,Quito,Vespertina,Segundo,14.1,13.0,9.8,12.3,10.3,13.0,12.08,78.6,141,39,No
1628,Pablo,Reyes Pérez,M,15,Guayaquil,Matutina,Primero,16.6,13.8,18.1,16.0,17.2,16.7,16.4,86.4,156,24,Sí
1629,Camila,Jiménez Soto,F,17,Ibarra,Matutina,Primero,13.0,12.4,13.4,11.2,9.8,15.1,12.48,68.6,123,57,No
1630,Valeria,Aguilar Aguilar,F,15,Ambato,Vespertina,Primero,14.7,12.6,13.8,16.8,15.3,13.1,14.38,84.5,152,28,Sí
1631,Andrea,Ramírez Romero,F,15,Guayaquil,Matutina,Primero,13.6,15.1,15.6,12.2,14.5,14.2,14.2,92.5,166,14,Sí
1632,Andrés,Rodríguez Núñez,M,17,Manta,Vespertina,Primero,6.0,8.8,6.5,8.3,7.8,8.7,7.68,78.5,141,39,No
1633,Jorge,Ramírez Ortiz,M,15,Quito,Vespertina,Primero,12.7,13.5,10.9,14.7,11.6,15.3,13.12,85.6,154,26,No
1634,David,Vargas Ortiz,M,16,Santo Domingo,Vespertina,Segundo,12.0,14.2,13.3,14.7,15.1,13.8,13.85,79.6,143,37,No
1635,Melissa,Rodríguez Cruz,F,18,Ibarra,Vespertina,Primero,16.1,15.6,16.4,14.9,14.0,13.1,15.02,79.8,144,36,Sí
1636,Daniel,Medina Rodríguez,M,18,Guayaquil,Matutina,Segundo,14.7,16.1,17.6,16.2,15.3,17.2,16.18,78.1,141,39,Sí
1637,Melissa,Morales Romero,F,16,Ambato,Matutina,Segundo,14.2,13.2,11.7,10.1,10.1,15.9,12.53,83.8,151,29,No
1638,Mariana,López Romero,F,17,Riobamba,Vespertina,Segundo,15.1,14.4,15.8,19.0,16.9,16.4,16.27,79.9,144,36,Sí
1639,Jorge,Hernández Jiménez,M,18,Cuenca,Matutina,Segundo,13.2,10.9,11.7,12.5,10.8,11.3,11.73,80.9,146,34,No
1640,Karina,Ramos Pérez,F,15,Ambato,Matutina,Primero,16.9,15.9,18.0,19.0,17.3,19.4,17.75,83.7,151,29,Sí
1641,David,Díaz López,M,17,Quito,Matutina,Segundo,16.4,16.7,16.8,15.4,15.3,16.3,16.15,77.6,140,40,Sí
1642,Cristian,Mora Romero,M,18,Cuenca,Matutina,Tercero,10.6,13.6,11.1,12.6,13.2,14.9,12.67,76.5,138,42,No
1643,Diego,Núñez Vega,M,17,Cuenca,Vespertina,Primero,14.0,13.4,13.4,14.9,15.9,15.4,14.5,98.8,178,2,Sí
1644,Andrés,Martínez Soto,M,16,Manta,Matutina,Primero,14.0,15.5,14.9,16.6,16.0,15.9,15.48,76.1,137,43,Sí
1645,Valeria,Rodríguez Vega,F,18,Guayaquil,Vespertina,Primero,13.1,16.1,12.8,15.8,13.2,16.2,14.53,83.5,150,30,Sí
1646,Stephanie,Ramos Torres,F,16,Manta,Vespertina,Primero,19.2,17.8,19.1,20.0,18.6,15.8,18.42,97.5,176,4,Sí
1647,Daniela,Vega Álvarez,F,16,Cuenca,Matutina,Primero,12.0,13.1,14.1,16.0,13.8,14.8,13.97,82.6,149,31,No
1648,Ricardo,Martínez Vega,M,15,Loja,Vespertina,Tercero,10.9,11.4,11.8,11.7,11.0,12.0,11.47,72.2,130,50,No
1649,Ricardo,García García,M,15,Cuenca,Vespertina,Segundo,15.1,16.4,15.9,15.3,18.0,17.0,16.28,97.2,175,5,Sí
1650,Felipe,Díaz Flores,M,16,Loja,Vespertina,Primero,9.3,9.7,8.7,9.7,10.3,11.3,9.83,79.3,143,37,No
1651,Paola,Ramos Flores,F,16,Cuenca,Matutina,Primero,20.0,20.0,18.9,19.8,18.4,19.3,19.4,97.5,176,4,Sí
1652,Paola,Castillo Díaz,F,17,Esmeraldas,Matutina,Tercero,15.8,16.7,18.8,16.9,15.5,15.6,16.55,88.2,159,21,Sí
1653,Ana,López Flores,F,18,Quito,Vespertina,Primero,12.3,13.1,13.3,14.8,14.9,16.5,14.15,78.2,141,39,Sí
1654,Sebastián,Torres Díaz,M,18,Ambato,Vespertina,Tercero,15.6,14.2,16.4,16.8,16.3,16.9,16.03,90.0,162,18,Sí
1655,Andrés,Castillo Álvarez,M,15,Quito,Vespertina,Tercero,14.9,14.3,12.6,12.4,12.5,17.7,14.07,92.0,166,14,Sí
1656,Gabriel,Herrera Martínez,M,16,Quito,Vespertina,Tercero,15.5,16.8,14.6,16.1,14.4,16.6,15.67,88.7,160,20,Sí
1657,Miguel,González Herrera,M,18,Ibarra,Matutina,Segundo,15.2,12.1,12.0,13.3,16.2,12.6,13.57,85.7,154,26,No
1658,Gabriela,López Soto,F,15,Quito,Vespertina,Tercero,8.4,9.2,9.6,8.8,9.8,9.2,9.17,85.1,153,27,No
1659,Camila,Rodríguez Castillo,F,15,Manta,Matutina,Tercero,11.8,13.3,14.7,13.0,12.2,13.8,13.13,82.9,149,31,No
1660,Andrea,Cruz Medina,F,15,Ibarra,Vespertina,Segundo,9.4,13.3,10.9,10.7,12.5,12.2,11.5,81.9,147,33,No
1661,María,López Aguilar,F,18,Cuenca,Vespertina,Segundo,17.5,18.0,16.2,18.2,15.1,18.0,17.17,99.0,178,2,Sí
1662,Fernando,Ortiz Jiménez,M,15,Riobamba,Vespertina,Primero,15.3,17.0,12.4,13.3,12.5,14.9,14.23,77.6,140,40,Sí
1663,Mateo,Romero Castillo,M,15,Cuenca,Vespertina,Segundo,13.8,14.1,15.6,16.1,13.4,14.9,14.65,83.8,151,29,Sí
1664,Cristian,Morales Aguilar,M,15,Loja,Matutina,Primero,19.5,15.9,16.7,19.5,19.1,19.9,18.43,86.4,156,24,Sí
1665,Esteban,López Soto,M,16,Esmeraldas,Vespertina,Segundo,15.6,16.6,15.6,16.3,18.1,19.0,16.87,87.6,158,22,Sí
1666,Ana,García Medina,F,16,Manta,Vespertina,Tercero,13.7,13.5,15.5,13.9,14.5,14.2,14.22,83.5,150,30,Sí
1667,Carlos,Vega González,M,16,Quito,Matutina,Primero,14.1,13.8,14.1,14.4,11.7,15.1,13.87,89.5,161,19,No
1668,Alejandro,Herrera Ortiz,M,17,Cuenca,Matutina,Primero,14.6,15.5,12.9,13.6,14.1,15.3,14.33,86.4,156,24,Sí
1669,Daniela,García González,F,17,Cuenca,Vespertina,Tercero,14.5,14.3,14.4,13.6,13.6,16.7,14.52,88.0,158,22,Sí
1670,Mateo,Cruz Núñez,M,15,Manta,Vespertina,Segundo,13.5,9.9,9.9,12.0,10.6,10.2,11.02,86.1,155,25,No
1671,Daniela,Morales Ortiz,F,17,Manta,Vespertina,Primero,14.7,17.0,14.6,17.0,17.1,13.8,15.7,84.3,152,28,Sí
1672,David,Vargas Pérez,M,17,Ibarra,Matutina,Tercero,12.8,11.7,10.8,11.9,12.2,13.8,12.2,75.9,137,43,No
1673,Lucía,Vargas Díaz,F,16,Cuenca,Matutina,Tercero,14.6,13.1,14.2,14.6,12.2,15.0,13.95,85.3,154,26,No
1674,Karina,Castillo Pérez,F,17,Manta,Matutina,Tercero,16.8,19.3,17.7,20.0,16.8,20.0,18.43,93.0,167,13,Sí
1675,Nicolás,Aguilar Martínez,M,16,Ibarra,Vespertina,Segundo,10.0,12.6,13.4,12.4,11.2,15.5,12.52,83.3,150,30,No
1676,Fernando,Álvarez Torres,M,18,Cuenca,Vespertina,Segundo,8.0,8.1,8.4,7.5,11.1,10.8,8.98,83.6,150,30,No
1677,Mariana,Morales Rodríguez,F,17,Quito,Matutina,Tercero,14.4,14.7,14.9,15.0,14.9,16.9,15.13,84.6,152,28,Sí
1678,Miguel,Mora Álvarez,M,17,Ambato,Matutina,Segundo,14.5,14.9,16.1,17.0,15.5,14.6,15.43,90.5,163,17,Sí
1679,Rebeca,García Ramírez,F,16,Riobamba,Vespertina,Primero,16.9,14.0,16.2,16.7,13.8,13.9,15.25,88.8,160,20,Sí
1680,Pablo,Morales Cruz,M,16,Ibarra,Matutina,Tercero,11.6,11.1,11.3,15.2,11.5,14.9,12.6,93.5,168,12,No
1681,Esteban,Torres Díaz,M,15,Guayaquil,Vespertina,Tercero,14.2,13.1,14.0,12.9,12.4,12.7,13.22,79.5,143,37,No
1682,Camila,Cruz Hernández,F,15,Riobamba,Vespertina,Primero,8.6,9.8,10.7,10.4,9.4,8.2,9.52,81.1,146,34,No
1683,Isabella,Vega Reyes,F,17,Guayaquil,Matutina,Segundo,12.8,12.3,14.5,14.6,11.0,11.9,12.85,91.6,165,15,No
1684,Ricardo,Romero Torres,M,15,Esmeraldas,Vespertina,Primero,16.6,14.9,15.9,14.1,15.3,14.9,15.28,84.8,153,27,Sí
1685,Ana,Medina Díaz,F,16,Cuenca,Vespertina,Segundo,14.3,16.5,17.0,13.6,14.3,17.1,15.47,90.7,163,17,Sí
1686,Jorge,Vargas Morales,M,15,Manta,Matutina,Primero,12.3,12.9,11.5,12.8,12.8,12.8,12.52,72.8,131,49,No
1687,Diego,Torres Ramírez,M,16,Santo Domingo,Vespertina,Segundo,11.3,13.3,12.4,12.8,12.2,12.6,12.43,87.5,158,22,No
1688,Daniela,Núñez López,F,16,Manta,Matutina,Segundo,15.2,13.8,14.9,14.6,15.8,15.7,15.0,95.9,173,7,Sí
1689,Valeria,Rodríguez Herrera,F,15,Loja,Matutina,Segundo,20.0,20.0,20.0,19.5,18.7,20.0,19.7,94.7,170,10,Sí
1690,Fernando,Pérez Ramos,M,16,Ibarra,Matutina,Segundo,12.8,13.4,11.9,10.3,9.4,12.9,11.78,83.2,150,30,No
1691,Alejandro,Romero Núñez,M,15,Loja,Vespertina,Primero,14.4,14.1,13.1,15.6,13.8,17.1,14.68,83.2,150,30,Sí
1692,Lucía,Morales Ramos,F,15,Loja,Matutina,Primero,11.3,12.7,15.1,12.1,13.2,12.4,12.8,75.4,136,44,No
1693,Cristian,Cruz Castillo,M,15,Ambato,Vespertina,Tercero,16.9,17.8,16.2,16.9,15.8,18.5,17.02,90.3,163,17,Sí
1694,María,Mendoza Vega,F,16,Manta,Vespertina,Tercero,17.7,16.9,18.4,19.3,18.0,18.7,18.17,93.1,168,12,Sí
1695,Luis,López Núñez,M,16,Ibarra,Matutina,Segundo,11.1,11.6,11.2,10.9,10.8,13.1,11.45,85.4,154,26,No
1696,Carlos,Rodríguez Torres,M,16,Loja,Matutina,Primero,16.8,15.9,16.1,17.6,16.4,15.1,16.32,79.0,142,38,Sí
1697,Gabriela,Reyes Soto,F,15,Ambato,Matutina,Tercero,14.7,13.2,13.7,15.1,15.2,14.6,14.42,81.3,146,34,Sí
1698,Andrea,Cruz Hernández,F,15,Quito,Matutina,Segundo,13.5,13.8,12.6,11.3,15.2,13.3,13.28,77.8,140,40,No
1699,Mariana,Morales Ramos,F,15,Ibarra,Vespertina,Primero,15.3,16.2,14.4,15.1,16.1,17.1,15.7,87.7,158,22,Sí
1700,Carolina,Ramírez Mora,F,17,Riobamba,Vespertina,Primero,9.7,10.1,10.3,11.4,10.8,12.7,10.83,85.9,155,25,No
1701,Pablo,Vargas Reyes,M,16,Riobamba,Matutina,Tercero,14.9,16.0,15.4,13.7,13.5,17.7,15.2,73.1,132,48,Sí
1702,Carolina,Cruz Pérez,F,18,Guayaquil,Matutina,Tercero,13.2,11.5,12.5,10.7,14.0,13.9,12.63,84.7,152,28,No
1703,Paola,López Flores,F,17,Riobamba,Vespertina,Primero,16.8,17.9,18.0,19.1,17.2,18.2,17.87,80.8,145,35,Sí
1704,Isabella,Ortiz Herrera,F,15,Loja,Matutina,Segundo,14.6,15.4,14.2,16.6,12.7,17.3,15.13,80.8,145,35,Sí
1705,Paola,Díaz Jiménez,F,18,Esmeraldas,Vespertina,Primero,15.8,17.2,15.8,15.1,16.7,16.7,16.22,80.2,144,36,Sí
1706,Alejandro,Aguilar Torres,M,15,Loja,Matutina,Tercero,16.3,14.0,13.7,12.0,15.4,16.4,14.63,83.9,151,29,Sí
1707,Karina,Torres Ramírez,F,15,Quito,Vespertina,Primero,12.1,16.4,14.6,15.0,13.2,14.9,14.37,80.7,145,35,Sí
1708,Pablo,Pérez García,M,15,Ibarra,Matutina,Segundo,13.1,12.2,15.7,13.7,14.4,13.7,13.8,81.5,147,33,No
1709,Rebeca,Cruz Núñez,F,17,Esmeraldas,Vespertina,Tercero,10.4,10.9,12.0,11.5,10.5,12.3,11.27,75.0,135,45,No
1710,Andrea,Morales Vargas,F,15,Ibarra,Matutina,Primero,12.0,14.1,12.2,12.4,14.9,13.8,13.23,80.1,144,36,No
1711,Daniela,Soto Rodríguez,F,16,Esmeraldas,Vespertina,Segundo,15.7,14.2,16.3,17.7,13.8,16.7,15.73,85.5,154,26,Sí
1712,Mariana,Vargas López,F,15,Esmeraldas,Matutina,Tercero,17.6,15.2,15.1,14.9,17.6,17.9,16.38,97.4,175,5,Sí
1713,Sebastián,Ortiz Soto,M,15,Santo Domingo,Matutina,Segundo,13.9,13.0,13.5,11.5,13.2,14.3,13.23,87.8,158,22,No
1714,Felipe,López Cruz,M,17,Manta,Matutina,Primero,13.2,15.6,15.3,14.8,14.2,15.8,14.82,84.2,152,28,Sí
1715,Stephanie,Torres Díaz,F,18,Ambato,Matutina,Primero,15.9,17.3,16.9,15.8,18.2,20.0,17.35,92.2,166,14,Sí
1716,Fernando,Ríos Ramírez,M,15,Esmeraldas,Matutina,Segundo,6.5,8.2,7.4,7.6,10.5,8.5,8.12,82.1,148,32,No
1717,Diego,Soto Medina,M,16,Ambato,Vespertina,Primero,10.7,11.0,10.0,11.7,9.1,11.0,10.58,82.6,149,31,No
1718,Natalia,Torres Rodríguez,F,17,Riobamba,Matutina,Primero,18.0,18.4,18.5,17.3,16.5,20.0,18.12,83.3,150,30,Sí
1719,Esteban,Reyes Medina,M,17,Loja,Vespertina,Primero,17.5,17.7,20.0,20.0,17.3,18.8,18.55,89.9,162,18,Sí
1720,Mateo,Ortiz Vega,M,15,Riobamba,Vespertina,Tercero,13.6,12.6,11.9,13.5,11.6,13.5,12.78,92.2,166,14,No
1721,Daniel,Herrera Torres,M,17,Quito,Matutina,Segundo,15.2,15.5,16.0,17.2,14.3,17.5,15.95,77.4,139,41,Sí
1722,Luis,Reyes Herrera,M,16,Cuenca,Matutina,Segundo,12.3,16.0,14.8,14.6,12.5,13.5,13.95,84.3,152,28,No
1723,Camila,Herrera Herrera,F,15,Cuenca,Vespertina,Primero,16.8,14.5,17.9,16.7,14.8,17.5,16.37,90.6,163,17,Sí
1724,Sofía,Díaz Reyes,F,17,Quito,Vespertina,Primero,12.9,14.7,12.3,12.7,13.8,14.6,13.5,89.3,161,19,No
1725,Jorge,Soto Díaz,M,15,Esmeraldas,Matutina,Tercero,15.2,14.4,15.9,13.7,14.5,15.1,14.8,82.9,149,31,Sí
1726,Karina,Ramírez Hernández,F,16,Quito,Matutina,Primero,10.4,12.8,10.9,13.5,13.7,13.3,12.43,83.9,151,29,No
1727,Felipe,Castillo Jiménez,M,15,Esmeraldas,Vespertina,Primero,11.6,9.6,9.1,10.8,10.4,11.7,10.53,76.6,138,42,No
1728,Camila,Ramírez Ortiz,F,16,Manta,Matutina,Segundo,12.1,13.4,12.9,12.3,13.3,15.8,13.3,80.5,145,35,No
1729,Felipe,Ramírez Pérez,M,18,Loja,Matutina,Tercero,10.0,11.3,10.0,10.5,9.0,12.1,10.48,76.5,138,42,No
1730,Gabriela,Aguilar Castillo,F,16,Riobamba,Matutina,Tercero,15.5,16.1,15.6,17.2,16.2,15.2,15.97,78.6,141,39,Sí
1731,Karina,Ramírez Núñez,F,18,Quito,Matutina,Tercero,17.2,20.0,20.0,19.1,18.8,20.0,19.18,100.0,180,0,Sí
1732,Natalia,Martínez Ramírez,F,18,Guayaquil,Matutina,Primero,18.4,17.5,16.2,16.8,13.8,16.9,16.6,90.0,162,18,Sí
1733,Karina,Ortiz Jiménez,F,18,Ibarra,Vespertina,Segundo,14.5,16.7,15.0,15.8,15.3,17.3,15.77,84.0,151,29,Sí
1734,Ricardo,Romero Martínez,M,15,Manta,Vespertina,Primero,12.0,11.1,9.8,11.2,10.0,7.5,10.27,85.4,154,26,No
1735,Paola,Cruz Soto,F,17,Riobamba,Vespertina,Tercero,12.1,14.7,14.8,14.3,12.5,14.0,13.73,90.3,163,17,No
1736,Fernanda,Romero Núñez,F,16,Ambato,Vespertina,Tercero,16.5,19.0,14.5,15.0,14.1,17.2,16.05,100.0,180,0,Sí
1737,Natalia,Vega Mora,F,15,Loja,Vespertina,Segundo,15.8,13.9,16.3,14.9,14.4,16.4,15.28,83.9,151,29,Sí
1738,Cristian,Reyes López,M,18,Ibarra,Matutina,Segundo,9.0,8.5,11.2,8.7,6.9,12.7,9.5,76.4,138,42,No
1739,Valeria,Reyes Aguilar,F,16,Riobamba,Vespertina,Tercero,12.8,12.6,10.8,13.9,11.1,13.2,12.4,82.9,149,31,No
1740,Alejandro,Pérez Díaz,M,17,Ambato,Matutina,Tercero,18.3,18.2,20.0,19.6,16.5,19.7,18.72,90.1,162,18,Sí
1741,Carlos,Vega Flores,M,17,Cuenca,Vespertina,Segundo,12.7,14.6,11.1,14.3,12.2,15.2,13.35,87.8,158,22,No
1742,Daniela,Ramírez Flores,F,17,Ambato,Vespertina,Segundo,12.9,14.7,14.7,13.1,14.5,17.0,14.48,84.1,151,29,Sí
1743,Nicolás,Álvarez Herrera,M,18,Guayaquil,Vespertina,Tercero,14.1,10.9,12.1,13.5,13.5,14.6,13.12,82.6,149,31,No
1744,Andrea,Hernández Herrera,F,18,Cuenca,Vespertina,Primero,17.5,16.2,16.4,17.1,14.1,15.6,16.15,95.3,172,8,Sí
1745,Fernanda,Ríos Cruz,F,17,Esmeraldas,Vespertina,Tercero,12.1,13.4,12.1,14.1,11.3,14.6,12.93,87.2,157,23,No
1746,Fernanda,Núñez Soto,F,15,Ambato,Vespertina,Segundo,10.3,12.4,11.8,13.2,13.4,15.2,12.72,76.4,138,42,No
1747,Jorge,Mendoza Álvarez,M,17,Ambato,Vespertina,Primero,16.1,15.6,14.7,13.1,14.6,17.0,15.18,88.2,159,21,Sí
1748,Esteban,Ramos Ramírez,M,15,Riobamba,Vespertina,Segundo,13.3,15.6,14.5,15.7,14.0,16.1,14.87,97.0,175,5,Sí
1749,Carolina,Torres Díaz,F,16,Ambato,Matutina,Segundo,13.3,14.0,12.6,11.6,13.5,12.1,12.85,89.8,162,18,No
1750,Andrés,Martínez Aguilar,M,16,Manta,Vespertina,Segundo,16.1,15.7,15.0,13.7,13.4,15.0,14.82,85.3,154,26,Sí
1751,Mateo,Vargas Pérez,M,18,Manta,Vespertina,Segundo,16.7,16.1,13.9,15.7,16.2,16.9,15.92,83.6,150,30,Sí
1752,David,Aguilar Álvarez,M,18,Riobamba,Vespertina,Tercero,13.0,10.7,13.0,12.2,12.2,13.5,12.43,90.5,163,17,No
1753,Pablo,Ortiz Mendoza,M,15,Manta,Matutina,Tercero,13.6,14.7,13.5,12.5,13.8,15.7,13.97,84.7,152,28,No
1754,Valeria,Herrera Torres,F,18,Cuenca,Matutina,Primero,14.4,15.9,14.8,15.5,14.0,15.7,15.05,80.0,144,36,Sí
1755,Sebastián,Castillo Romero,M,15,Manta,Vespertina,Tercero,14.2,13.5,14.4,15.8,13.9,15.9,14.62,89.0,160,20,Sí
1756,Valentina,García Mora,F,16,Ambato,Vespertina,Tercero,17.3,18.6,19.7,19.0,16.1,16.3,17.83,86.4,156,24,Sí
1757,Valeria,Flores Rodríguez,F,16,Guayaquil,Matutina,Segundo,16.8,16.3,16.5,15.8,14.3,16.9,16.1,94.0,169,11,Sí
1758,Mariana,Soto López,F,17,Ambato,Vespertina,Tercero,13.4,13.9,12.3,13.3,14.5,12.6,13.33,91.4,165,15,No
1759,Sofía,Mora Hernández,F,18,Loja,Vespertina,Tercero,16.9,12.7,16.4,16.5,15.0,15.4,15.48,73.3,132,48,Sí
1760,Esteban,Torres Flores,M,15,Ibarra,Matutina,Tercero,13.3,13.2,10.6,12.6,12.9,13.0,12.6,88.6,159,21,No
1761,Jorge,Mora Hernández,M,15,Esmeraldas,Vespertina,Tercero,14.2,17.3,19.0,16.6,17.3,15.8,16.7,90.8,163,17,Sí
1762,Camila,Cruz Núñez,F,16,Manta,Matutina,Primero,14.2,16.0,14.9,15.5,15.2,14.8,15.1,87.3,157,23,Sí
1763,Mateo,Torres Martínez,M,16,Quito,Vespertina,Segundo,16.1,15.2,16.6,16.3,15.9,14.8,15.82,92.4,166,14,Sí
1764,Natalia,Díaz Álvarez,F,18,Riobamba,Matutina,Tercero,12.7,11.6,13.0,12.4,9.1,12.2,11.83,79.5,143,37,No
1765,Karina,Ramos Núñez,F,17,Loja,Matutina,Primero,11.8,14.6,16.0,12.8,13.2,14.1,13.75,97.8,176,4,No
1766,Paola,Medina Mendoza,F,15,Quito,Matutina,Tercero,12.8,11.6,13.7,14.3,13.0,13.4,13.13,77.6,140,40,No
1767,Miguel,Herrera López,M,18,Loja,Vespertina,Primero,12.7,12.8,12.1,12.5,13.5,14.3,12.98,85.1,153,27,No
1768,Carlos,García Morales,M,16,Cuenca,Vespertina,Segundo,16.3,16.6,15.8,16.1,15.9,17.5,16.37,96.8,174,6,Sí
1769,Fernanda,Castillo Díaz,F,18,Cuenca,Vespertina,Primero,12.4,14.4,15.9,16.4,14.6,16.8,15.08,86.2,155,25,Sí
1770,Miguel,Mora Ortiz,M,18,Quito,Vespertina,Primero,13.2,13.8,14.0,11.6,13.0,15.5,13.52,81.1,146,34,No
1771,Fernanda,Álvarez Ríos,F,18,Esmeraldas,Vespertina,Primero,15.6,15.7,17.0,14.9,17.0,16.4,16.1,85.2,153,27,Sí
1772,Daniela,Martínez Rodríguez,F,18,Loja,Vespertina,Segundo,16.5,15.7,15.0,16.1,17.1,16.6,16.17,92.3,166,14,Sí
1773,Andrés,Pérez Jiménez,M,15,Riobamba,Matutina,Primero,12.6,12.5,13.1,13.2,12.1,12.6,12.68,73.0,131,49,No
1774,Rebeca,Ramírez Herrera,F,18,Guayaquil,Matutina,Primero,17.0,18.1,19.4,19.6,17.5,20.0,18.6,76.3,137,43,Sí
1775,Gabriela,Castillo Hernández,F,17,Manta,Matutina,Tercero,9.9,9.8,8.8,10.9,10.9,11.4,10.28,78.3,141,39,No
1776,Esteban,Morales Núñez,M,15,Riobamba,Vespertina,Primero,13.8,13.8,15.0,16.5,14.4,15.2,14.78,93.8,169,11,Sí
1777,Stephanie,Aguilar Vega,F,18,Loja,Vespertina,Tercero,13.3,13.1,15.4,16.5,15.3,14.6,14.7,91.0,164,16,Sí
1778,Cristian,Núñez García,M,15,Ibarra,Matutina,Primero,18.8,19.9,17.7,19.8,17.8,20.0,19.0,88.2,159,21,Sí
1779,Valeria,Mora Reyes,F,18,Ibarra,Matutina,Tercero,20.0,19.7,20.0,19.4,20.0,20.0,19.85,83.7,151,29,Sí
1780,Natalia,González López,F,16,Loja,Matutina,Primero,12.9,11.8,10.9,14.1,10.9,14.4,12.5,91.0,164,16,No
1781,Fernanda,Castillo Medina,F,18,Manta,Matutina,Tercero,13.8,13.2,13.6,12.5,14.1,11.4,13.1,78.9,142,38,No
1782,Diego,Ríos Mendoza,M,18,Riobamba,Vespertina,Segundo,15.2,16.9,14.5,16.3,15.0,13.9,15.3,75.4,136,44,Sí
1783,Melissa,Vargas Mendoza,F,18,Ambato,Matutina,Primero,15.3,16.0,16.1,14.3,16.4,17.3,15.9,90.3,163,17,Sí
1784,Mateo,Romero Cruz,M,16,Cuenca,Vespertina,Primero,10.0,10.3,7.6,9.3,8.5,12.0,9.62,81.3,146,34,No
1785,Esteban,Ortiz Vargas,M,17,Riobamba,Matutina,Primero,16.9,14.1,17.3,16.5,16.1,16.4,16.22,88.1,159,21,Sí
1786,Gabriela,Álvarez Aguilar,F,16,Loja,Vespertina,Segundo,15.6,14.4,15.4,14.3,13.7,17.7,15.18,82.3,148,32,Sí
1787,Ana,Mendoza Núñez,F,18,Santo Domingo,Vespertina,Tercero,17.3,16.0,16.5,15.9,17.6,18.1,16.9,93.1,168,12,Sí
1788,Karina,Romero López,F,15,Esmeraldas,Matutina,Tercero,16.2,19.1,18.0,20.0,19.9,20.0,18.87,82.5,148,32,Sí
1789,Andrés,Núñez Núñez,M,17,Loja,Matutina,Tercero,14.0,14.5,13.1,14.5,13.5,15.6,14.2,90.4,163,17,Sí
1790,Fernanda,Pérez Mendoza,F,17,Riobamba,Vespertina,Tercero,11.7,13.0,11.9,14.0,10.8,12.3,12.28,87.9,158,22,No
1791,Esteban,Medina Romero,M,15,Esmeraldas,Matutina,Segundo,8.7,10.3,11.1,11.9,9.6,11.4,10.5,76.1,137,43,No
1792,Daniela,Herrera Rodríguez,F,18,Manta,Matutina,Tercero,18.2,16.4,16.6,18.4,17.2,17.9,17.45,84.2,152,28,Sí
1793,Natalia,Romero Núñez,F,15,Santo Domingo,Matutina,Segundo,14.1,17.0,15.0,17.6,15.3,18.2,16.2,90.0,162,18,Sí
1794,Valeria,Rodríguez Díaz,F,18,Esmeraldas,Matutina,Primero,17.9,16.3,18.2,20.0,19.1,18.4,18.32,100.0,180,0,Sí
1795,Valentina,Morales Pérez,F,17,Esmeraldas,Vespertina,Segundo,13.0,13.3,13.5,13.4,12.1,14.5,13.3,79.8,144,36,No
1796,Karina,Ramírez Torres,F,15,Manta,Vespertina,Primero,15.8,17.3,13.3,15.3,13.8,15.8,15.22,82.1,148,32,Sí
1797,Lucía,Rodríguez Jiménez,F,17,Loja,Vespertina,Primero,16.3,16.6,17.3,18.2,16.0,18.9,17.22,79.1,142,38,Sí
1798,Valeria,Aguilar Mendoza,F,17,Santo Domingo,Vespertina,Tercero,13.5,13.5,14.7,13.5,14.0,12.4,13.6,83.7,151,29,No
1799,Ricardo,Hernández Torres,M,16,Manta,Vespertina,Primero,17.1,19.1,17.7,20.0,18.7,18.5,18.52,90.8,163,17,Sí
1800,Rebeca,Cruz Aguilar,F,16,Manta,Matutina,Tercero,11.5,13.3,12.1,12.9,11.6,11.8,12.2,80.3,145,35,No
1801,Ana,Rodríguez Álvarez,F,15,Ambato,Vespertina,Primero,19.2,18.3,17.8,18.2,18.8,17.2,18.25,89.9,162,18,Sí
1802,Melissa,Romero Ríos,F,17,Esmeraldas,Matutina,Segundo,12.5,14.1,15.1,16.1,13.8,15.8,14.57,88.7,160,20,Sí
1803,Rebeca,Ríos Vega,F,16,Ibarra,Vespertina,Segundo,12.4,14.0,15.5,13.6,12.1,14.2,13.63,92.2,166,14,No
1804,Ana,Cruz Martínez,F,18,Cuenca,Matutina,Tercero,10.0,11.0,11.8,11.9,11.4,9.8,10.98,80.6,145,35,No
1805,David,Pérez Martínez,M,18,Manta,Matutina,Segundo,8.4,8.4,10.9,12.3,10.0,10.8,10.13,69.0,124,56,No
1806,Melissa,Vega Soto,F,15,Manta,Matutina,Primero,13.9,12.6,14.9,14.9,15.6,16.0,14.65,84.0,151,29,Sí
1807,Carolina,Castillo Soto,F,16,Riobamba,Matutina,Tercero,10.6,11.9,11.3,13.4,7.2,11.9,11.05,72.7,131,49,No
1808,Sofía,González Núñez,F,18,Riobamba,Matutina,Primero,15.3,13.2,16.9,14.5,14.9,16.4,15.2,83.9,151,29,Sí
1809,Alejandro,López Mora,M,15,Esmeraldas,Vespertina,Tercero,10.1,11.8,13.0,13.5,11.2,12.5,12.02,92.0,166,14,No
1810,Fernanda,Ortiz Ortiz,F,17,Riobamba,Vespertina,Tercero,13.6,14.8,14.0,13.0,13.7,14.1,13.87,93.2,168,12,No
1811,Sofía,Pérez Jiménez,F,18,Ambato,Matutina,Tercero,16.3,17.1,15.0,16.4,14.5,17.0,16.05,90.5,163,17,Sí
1812,Stephanie,Flores Vega,F,15,Ibarra,Vespertina,Segundo,19.5,18.6,18.5,18.5,19.3,19.3,18.95,88.5,159,21,Sí
1813,Fernanda,Martínez Núñez,F,15,Guayaquil,Matutina,Segundo,14.2,14.8,13.4,14.8,11.1,14.6,13.82,80.8,145,35,No
1814,Ana,Aguilar Romero,F,15,Riobamba,Vespertina,Segundo,16.4,16.5,15.7,14.6,15.0,15.1,15.55,78.6,141,39,Sí
1815,Ricardo,Hernández Rodríguez,M,18,Cuenca,Matutina,Segundo,12.2,14.0,14.3,15.1,13.7,16.7,14.33,87.2,157,23,Sí
1816,Juan,Jiménez Ramos,M,17,Loja,Vespertina,Segundo,11.4,11.8,13.8,13.9,11.3,14.0,12.7,91.4,165,15,No
1817,Alejandro,Ríos Mora,M,17,Esmeraldas,Matutina,Tercero,11.3,10.0,11.3,11.5,13.0,14.3,11.9,91.2,164,16,No
1818,Ana,Rodríguez Castillo,F,15,Loja,Matutina,Primero,12.8,15.2,13.0,13.8,14.7,15.0,14.08,89.1,160,20,Sí
1819,Andrés,Mendoza Torres,M,18,Cuenca,Vespertina,Primero,15.4,15.9,16.3,17.1,15.1,14.5,15.72,80.8,145,35,Sí
1820,Fernanda,Vargas García,F,16,Esmeraldas,Matutina,Primero,13.2,12.2,13.4,15.0,12.3,15.8,13.65,82.7,149,31,No
1821,Carolina,Álvarez Torres,F,17,Guayaquil,Vespertina,Segundo,12.8,14.4,11.6,12.9,12.9,13.7,13.05,90.5,163,17,No
1822,Ana,Mora Ríos,F,15,Cuenca,Matutina,Primero,12.1,12.0,9.6,11.5,10.5,10.6,11.05,84.8,153,27,No
1823,Valentina,Cruz Mora,F,18,Guayaquil,Vespertina,Tercero,14.4,14.5,13.2,15.3,15.4,15.7,14.75,90.2,162,18,Sí
1824,María,Díaz López,F,18,Manta,Matutina,Tercero,13.8,14.0,15.4,16.6,14.1,15.6,14.92,76.8,138,42,Sí
1825,Melissa,Álvarez Ramos,F,18,Quito,Matutina,Segundo,12.3,13.8,14.3,12.4,11.9,11.9,12.77,81.2,146,34,No
1826,Andrés,Ortiz Vega,M,18,Ambato,Matutina,Primero,10.5,11.6,11.0,8.9,9.9,10.0,10.32,94.1,169,11,No
1827,Natalia,Rodríguez Vega,F,15,Manta,Vespertina,Tercero,11.3,9.3,9.4,7.5,9.9,10.4,9.63,80.4,145,35,No
1828,Paola,García Ramos,F,17,Manta,Matutina,Segundo,16.3,15.6,16.4,13.2,13.5,17.0,15.33,95.3,172,8,Sí
1829,Valentina,Rodríguez Rodríguez,F,15,Santo Domingo,Vespertina,Segundo,10.7,12.7,10.8,13.5,9.8,12.8,11.72,71.0,128,52,No
1830,Juan,Jiménez Herrera,M,16,Manta,Vespertina,Segundo,15.4,13.3,14.0,12.6,12.8,14.1,13.7,81.6,147,33,No
1831,Andrea,García Soto,F,18,Riobamba,Matutina,Tercero,10.9,10.3,11.5,12.3,9.7,13.0,11.28,90.9,164,16,No
1832,Melissa,Núñez Álvarez,F,18,Esmeraldas,Vespertina,Segundo,16.6,15.6,12.8,14.3,13.7,16.5,14.92,78.4,141,39,Sí
1833,Sofía,Herrera Ríos,F,15,Quito,Vespertina,Primero,14.7,14.3,13.1,14.1,14.7,17.0,14.65,72.9,131,49,Sí
1834,Jorge,Pérez Hernández,M,16,Ambato,Matutina,Primero,17.8,17.1,17.1,17.6,17.4,18.9,17.65,82.8,149,31,Sí
1835,Alejandro,Romero Ramírez,M,16,Quito,Vespertina,Tercero,15.9,17.1,15.7,18.0,14.5,18.6,16.63,86.8,156,24,Sí
1836,Gabriela,Cruz Medina,F,15,Quito,Vespertina,Segundo,13.3,16.2,12.6,13.5,10.3,14.8,13.45,84.3,152,28,No
1837,David,Hernández Morales,M,17,Manta,Matutina,Tercero,15.6,14.5,16.7,15.5,18.2,16.1,16.1,81.0,146,34,Sí
1838,Mariana,Ramos Reyes,F,18,Ibarra,Vespertina,Primero,17.2,17.3,17.1,15.0,17.6,19.2,17.23,96.0,173,7,Sí
1839,Gabriel,Medina Núñez,M,17,Ibarra,Vespertina,Segundo,17.9,14.2,15.8,14.1,13.8,16.0,15.3,80.1,144,36,Sí
1840,Daniela,Soto Ríos,F,15,Manta,Matutina,Segundo,11.6,13.0,14.8,16.0,11.6,14.8,13.63,80.5,145,35,No
1841,María,Torres Pérez,F,16,Ibarra,Matutina,Segundo,16.4,15.7,15.3,15.1,14.0,16.4,15.48,99.7,179,1,Sí
1842,Juan,Aguilar Medina,M,15,Guayaquil,Vespertina,Segundo,16.0,19.9,17.9,17.7,16.0,17.8,17.55,91.8,165,15,Sí
1843,Paola,Reyes González,F,18,Loja,Matutina,Primero,12.5,14.6,12.9,12.6,12.7,16.5,13.63,85.7,154,26,No
1844,Daniel,Castillo Mora,M,17,Manta,Matutina,Primero,20.0,18.5,16.8,18.4,19.3,17.9,18.48,93.3,168,12,Sí
1845,Ricardo,Martínez Ríos,M,15,Manta,Vespertina,Segundo,17.7,17.2,18.1,18.6,16.6,19.8,18.0,85.9,155,25,Sí
1846,María,Rodríguez Morales,F,15,Guayaquil,Vespertina,Segundo,15.5,16.1,16.8,17.8,16.2,17.5,16.65,87.3,157,23,Sí
1847,Cristian,Aguilar Aguilar,M,17,Cuenca,Matutina,Primero,12.8,10.9,13.8,14.2,13.3,16.4,13.57,86.6,156,24,No
1848,Stephanie,Hernández Romero,F,15,Loja,Vespertina,Segundo,16.9,16.5,18.1,15.4,16.2,17.3,16.73,76.1,137,43,Sí
1849,Natalia,Soto Mora,F,18,Manta,Matutina,Segundo,10.9,9.8,11.0,8.4,9.2,10.6,9.98,84.5,152,28,No
1850,Andrés,Hernández Flores,M,18,Santo Domingo,Matutina,Tercero,14.5,17.6,14.2,17.3,16.2,18.3,16.35,85.6,154,26,Sí
1851,Lucía,Mendoza Núñez,F,18,Ibarra,Vespertina,Primero,15.4,16.1,17.1,18.3,18.8,17.2,17.15,92.3,166,14,Sí
1852,Juan,Mendoza Mora,M,15,Ambato,Vespertina,Tercero,11.5,11.5,13.7,14.0,14.4,11.3,12.73,76.4,138,42,No
1853,María,Mendoza López,F,18,Loja,Vespertina,Primero,10.5,11.5,12.2,10.8,9.9,9.2,10.68,81.6,147,33,No
1854,Karina,González Mora,F,15,Ambato,Vespertina,Tercero,13.1,14.8,15.7,14.9,14.2,13.1,14.3,88.0,158,22,Sí
1855,Camila,Álvarez Torres,F,15,Guayaquil,Vespertina,Primero,14.9,13.6,15.4,14.4,15.3,15.1,14.78,76.7,138,42,Sí
1856,Andrés,Vargas Ramírez,M,16,Esmeraldas,Matutina,Primero,13.7,12.2,13.2,12.5,12.1,12.4,12.68,75.4,136,44,No
1857,Karina,Reyes Herrera,F,18,Santo Domingo,Vespertina,Primero,13.3,12.6,10.8,11.7,13.2,15.2,12.8,85.8,154,26,No
1858,Alejandro,Díaz García,M,15,Ambato,Matutina,Tercero,14.4,15.5,15.5,14.7,13.5,17.8,15.23,76.9,138,42,Sí
1859,Lucía,González Álvarez,F,18,Ambato,Vespertina,Segundo,16.6,19.9,16.8,16.3,16.2,17.3,17.18,83.8,151,29,Sí
1860,Ricardo,Álvarez Morales,M,17,Esmeraldas,Matutina,Tercero,12.7,14.8,11.4,11.1,12.5,12.8,12.55,85.3,154,26,No
1861,Nicolás,Hernández Vargas,M,18,Ibarra,Matutina,Segundo,17.3,18.8,18.8,17.3,18.7,18.6,18.25,95.4,172,8,Sí
1862,Gabriela,Ortiz Núñez,F,16,Quito,Matutina,Primero,12.8,13.8,13.9,14.7,12.2,14.4,13.63,79.5,143,37,No
1863,Fernando,Hernández Martínez,M,16,Ambato,Vespertina,Primero,11.5,12.4,12.8,12.5,11.8,13.1,12.35,91.8,165,15,No
1864,Carolina,Díaz Castillo,F,18,Quito,Vespertina,Tercero,15.1,15.0,16.4,17.3,15.2,14.1,15.52,92.9,167,13,Sí
1865,Andrés,Romero Mendoza,M,16,Loja,Vespertina,Primero,13.8,14.1,13.5,13.4,11.5,14.3,13.43,74.2,134,46,No
1866,María,Morales Medina,F,16,Manta,Vespertina,Primero,9.7,10.2,13.1,13.2,12.0,11.7,11.65,78.4,141,39,No
1867,Andrea,Ríos Torres,F,16,Ibarra,Matutina,Segundo,13.8,14.5,14.4,13.9,11.9,16.3,14.13,93.2,168,12,Sí
1868,Andrea,Torres Díaz,F,16,Quito,Matutina,Segundo,15.2,16.2,16.5,16.4,14.9,18.1,16.22,80.1,144,36,Sí
1869,Karina,Álvarez Álvarez,F,15,Manta,Matutina,Tercero,17.7,20.0,20.0,17.9,18.8,18.5,18.82,94.0,169,11,Sí
1870,Andrea,Aguilar Rodríguez,F,15,Ambato,Matutina,Segundo,14.9,13.2,13.0,14.2,14.2,16.1,14.27,91.3,164,16,Sí
1871,Alejandro,Torres Castillo,M,15,Riobamba,Vespertina,Tercero,12.5,13.6,12.0,13.8,15.9,13.5,13.55,89.7,161,19,No
1872,Esteban,Jiménez Díaz,M,18,Ibarra,Matutina,Segundo,13.2,15.2,17.8,15.4,14.3,15.0,15.15,95.3,172,8,Sí
1873,Jorge,Álvarez González,M,16,Santo Domingo,Matutina,Segundo,13.8,14.4,12.3,14.3,13.8,14.8,13.9,83.0,149,31,No
1874,Karina,Álvarez Núñez,F,17,Guayaquil,Vespertina,Segundo,15.5,13.9,14.4,15.6,14.7,15.4,14.92,86.2,155,25,Sí
1875,Paola,Vargas Vargas,F,18,Santo Domingo,Vespertina,Primero,15.4,14.2,14.3,15.2,13.5,16.2,14.8,94.8,171,9,Sí
1876,Paola,Pérez Flores,F,16,Guayaquil,Matutina,Tercero,14.6,14.7,15.4,15.5,15.9,16.3,15.4,89.9,162,18,Sí
1877,Daniela,Torres Vega,F,18,Santo Domingo,Vespertina,Primero,12.8,12.4,10.9,13.8,10.2,13.2,12.22,85.6,154,26,No
1878,Lucía,Castillo Cruz,F,16,Quito,Matutina,Primero,16.2,16.9,19.3,15.8,15.7,18.2,17.02,78.4,141,39,Sí
1879,Rebeca,Martínez Vargas,F,15,Esmeraldas,Matutina,Tercero,7.7,6.3,5.8,7.9,5.8,8.1,6.93,77.8,140,40,No
1880,Jorge,Torres Vargas,M,16,Quito,Matutina,Primero,14.1,14.8,14.6,17.0,14.2,15.4,15.02,95.7,172,8,Sí
1881,Valentina,Álvarez Romero,F,18,Loja,Vespertina,Segundo,14.4,14.0,13.3,13.7,13.3,16.6,14.22,86.4,156,24,Sí
1882,Camila,Álvarez Vega,F,17,Riobamba,Matutina,Primero,13.1,13.7,14.6,15.0,12.1,14.7,13.87,84.5,152,28,No
1883,Juan,Morales López,M,17,Ibarra,Matutina,Segundo,12.4,12.4,10.0,10.3,8.4,12.1,10.93,77.2,139,41,No
1884,Ana,Medina Castillo,F,15,Cuenca,Matutina,Tercero,17.2,17.6,16.1,17.6,15.8,17.0,16.88,79.2,143,37,Sí
1885,Sofía,Díaz González,F,18,Riobamba,Vespertina,Tercero,13.3,10.5,12.4,13.9,12.9,13.5,12.75,92.3,166,14,No
1886,David,Castillo Castillo,M,18,Ambato,Matutina,Primero,14.0,13.1,14.7,14.5,13.3,14.9,14.08,86.6,156,24,Sí
1887,Miguel,Jiménez Herrera,M,18,Esmeraldas,Matutina,Segundo,13.4,11.7,13.2,15.0,13.3,14.0,13.43,83.0,149,31,No
1888,Pablo,Romero Soto,M,15,Guayaquil,Matutina,Tercero,18.6,20.0,20.0,19.8,20.0,20.0,19.73,85.9,155,25,Sí
1889,Jorge,López Martínez,M,16,Manta,Matutina,Segundo,16.0,15.7,13.9,14.7,15.6,13.4,14.88,82.9,149,31,Sí
1890,Sofía,Medina Medina,F,16,Cuenca,Vespertina,Tercero,14.2,14.3,12.1,12.0,10.8,13.8,12.87,76.6,138,42,No
1891,Ana,Ríos Núñez,F,18,Santo Domingo,Matutina,Segundo,14.9,14.8,15.4,16.1,15.8,17.6,15.77,91.2,164,16,Sí
1892,Fernanda,Díaz Cruz,F,16,Cuenca,Vespertina,Segundo,9.3,9.2,10.2,10.9,9.8,10.8,10.03,83.2,150,30,No
1893,Fernanda,Ramírez Mendoza,F,18,Quito,Matutina,Primero,18.5,19.1,17.7,20.0,19.4,20.0,19.12,95.1,171,9,Sí
1894,Sofía,García Soto,F,18,Quito,Matutina,Primero,9.7,12.9,10.2,14.5,11.0,11.2,11.58,73.5,132,48,No
1895,Gabriela,López Herrera,F,15,Guayaquil,Matutina,Tercero,17.3,17.9,18.3,20.0,18.9,20.0,18.73,100.0,180,0,Sí
1896,Luis,Ramírez Álvarez,M,17,Ibarra,Vespertina,Segundo,13.4,14.2,14.3,17.0,13.9,15.6,14.73,85.5,154,26,Sí
1897,Fernando,García Núñez,M,16,Riobamba,Matutina,Primero,18.6,16.0,14.8,16.8,15.7,15.6,16.25,98.1,177,3,Sí
1898,Daniel,Díaz Romero,M,17,Esmeraldas,Matutina,Primero,13.8,10.4,12.4,13.4,12.9,13.5,12.73,90.4,163,17,No
1899,Ana,Martínez Ramírez,F,15,Cuenca,Matutina,Segundo,16.3,17.2,17.7,16.7,17.0,16.4,16.88,88.5,159,21,Sí
1900,Rebeca,Aguilar Reyes,F,17,Loja,Matutina,Primero,15.3,15.9,16.0,16.0,15.8,17.6,16.1,88.2,159,21,Sí
1901,Jorge,Mendoza Medina,M,16,Riobamba,Vespertina,Segundo,14.4,15.6,15.8,15.9,11.7,15.4,14.8,88.0,158,22,Sí
1902,Esteban,Ramos Flores,M,18,Cuenca,Vespertina,Tercero,18.1,20.0,20.0,20.0,19.8,19.5,19.57,89.1,160,20,Sí
1903,Gabriela,Soto Mendoza,F,16,Santo Domingo,Vespertina,Tercero,16.0,16.9,15.6,13.5,17.2,17.2,16.07,89.0,160,20,Sí
1904,Karina,Jiménez Álvarez,F,15,Riobamba,Matutina,Segundo,14.1,16.8,14.6,15.8,14.3,17.7,15.55,94.3,170,10,Sí
1905,Camila,Díaz García,F,18,Esmeraldas,Matutina,Segundo,16.7,15.8,15.1,18.5,14.9,17.3,16.38,100.0,180,0,Sí
1906,Carolina,Cruz García,F,16,Esmeraldas,Matutina,Segundo,13.9,13.7,15.1,14.6,13.2,15.3,14.3,93.1,168,12,Sí
1907,Nicolás,Díaz González,M,15,Loja,Matutina,Tercero,14.1,12.8,13.6,13.7,15.5,15.5,14.2,89.0,160,20,Sí
1908,Andrés,Soto Díaz,M,18,Guayaquil,Vespertina,Primero,11.4,9.8,8.9,10.3,12.4,11.2,10.67,78.3,141,39,No
1909,Felipe,García Martínez,M,16,Ambato,Vespertina,Tercero,15.5,13.2,12.0,12.3,12.1,11.9,12.83,81.3,146,34,No
1910,Valeria,González Pérez,F,16,Guayaquil,Matutina,Segundo,10.2,9.9,8.6,11.5,13.6,11.5,10.88,80.9,146,34,No
1911,Natalia,Aguilar Reyes,F,15,Esmeraldas,Matutina,Primero,20.0,20.0,19.6,20.0,20.0,20.0,19.93,93.9,169,11,Sí
1912,Lucía,Rodríguez Cruz,F,18,Guayaquil,Matutina,Primero,11.6,12.3,11.3,9.6,9.9,12.3,11.17,75.5,136,44,No
1913,Ricardo,Ramos Álvarez,M,18,Manta,Matutina,Primero,15.2,15.9,13.2,12.8,13.5,13.2,13.97,88.2,159,21,No
1914,Alejandro,Ríos Álvarez,M,15,Cuenca,Vespertina,Tercero,13.9,15.7,12.7,13.3,12.6,17.0,14.2,90.1,162,18,Sí
1915,Fernanda,Ramírez Flores,F,17,Ambato,Vespertina,Tercero,13.0,12.2,15.8,15.7,13.7,14.8,14.2,89.5,161,19,Sí
1916,Fernanda,García Mendoza,F,15,Loja,Vespertina,Segundo,14.6,14.5,13.4,12.6,12.5,13.1,13.45,85.9,155,25,No
1917,Daniel,Vargas Cruz,M,15,Cuenca,Vespertina,Tercero,9.1,9.3,8.5,8.1,7.7,10.1,8.8,80.2,144,36,No
1918,Paola,Aguilar García,F,16,Cuenca,Matutina,Segundo,15.8,16.5,16.7,16.0,15.3,18.8,16.52,76.3,137,43,Sí
1919,Gabriela,Aguilar Álvarez,F,16,Esmeraldas,Vespertina,Segundo,11.4,10.2,10.0,12.5,10.1,11.2,10.9,79.5,143,37,No
1920,Andrés,López Cruz,M,16,Riobamba,Vespertina,Primero,12.3,13.8,12.9,13.5,13.1,12.7,13.05,81.0,146,34,No
1921,Mariana,Flores Aguilar,F,16,Ambato,Matutina,Primero,14.9,13.4,12.8,17.3,17.1,16.1,15.27,84.4,152,28,Sí
1922,David,Ortiz Castillo,M,16,Ibarra,Vespertina,Primero,13.1,10.6,11.4,11.9,12.1,10.7,11.63,77.4,139,41,No
1923,Fernando,Torres Medina,M,18,Loja,Vespertina,Tercero,13.3,14.7,13.8,14.3,11.9,13.2,13.53,81.2,146,34,No
1924,Fernanda,Soto Herrera,F,15,Riobamba,Matutina,Segundo,12.6,13.0,15.1,13.0,13.1,15.2,13.67,83.9,151,29,No
1925,Sofía,Herrera Medina,F,15,Quito,Vespertina,Primero,12.4,12.2,11.5,13.7,11.6,13.4,12.47,79.4,143,37,No
1926,Carlos,Pérez Reyes,M,15,Santo Domingo,Matutina,Primero,14.7,15.3,14.8,13.7,17.1,15.7,15.22,82.4,148,32,Sí
1927,Daniela,Álvarez Díaz,F,16,Esmeraldas,Matutina,Segundo,10.8,10.3,11.2,11.1,8.6,10.2,10.37,78.5,141,39,No
1928,Andrea,Mendoza Jiménez,F,18,Manta,Matutina,Primero,12.3,12.7,10.6,14.7,12.3,13.4,12.67,87.8,158,22,No
1929,María,García Herrera,F,17,Manta,Vespertina,Tercero,16.5,15.9,14.9,14.8,14.8,18.0,15.82,79.9,144,36,Sí
1930,Esteban,González Flores,M,15,Guayaquil,Vespertina,Primero,15.9,16.5,14.5,15.1,13.3,14.8,15.02,78.1,141,39,Sí
1931,Diego,Díaz Soto,M,16,Loja,Vespertina,Primero,15.5,14.6,17.7,18.1,15.5,16.9,16.38,81.0,146,34,Sí
1932,Melissa,Ortiz Flores,F,16,Loja,Vespertina,Tercero,15.7,14.9,13.8,13.1,11.4,16.5,14.23,85.1,153,27,Sí
1933,Ana,Vega Rodríguez,F,15,Guayaquil,Vespertina,Primero,10.7,9.6,9.6,8.7,8.2,11.7,9.75,75.1,135,45,No
1934,Felipe,López Álvarez,M,17,Ibarra,Matutina,Primero,16.1,14.1,12.1,16.0,14.4,13.6,14.38,83.4,150,30,Sí
1935,Cristian,Reyes López,M,17,Cuenca,Matutina,Tercero,11.6,11.0,12.0,11.0,10.2,10.8,11.1,79.7,143,37,No
1936,Luis,Díaz Aguilar,M,17,Esmeraldas,Vespertina,Segundo,10.0,12.2,9.0,9.7,11.1,12.1,10.68,72.4,130,50,No
1937,Carlos,Medina Flores,M,17,Santo Domingo,Vespertina,Primero,14.2,15.7,15.4,13.7,15.9,16.7,15.27,71.0,128,52,Sí
1938,Stephanie,Romero Álvarez,F,15,Guayaquil,Vespertina,Tercero,12.5,11.9,12.7,12.9,10.6,13.9,12.42,83.0,149,31,No
1939,David,Álvarez Reyes,M,15,Cuenca,Matutina,Primero,12.1,10.9,12.8,16.2,12.8,12.1,12.82,82.3,148,32,No
1940,Rebeca,Núñez Ramos,F,16,Santo Domingo,Matutina,Tercero,11.7,10.5,10.7,11.5,11.0,9.5,10.82,82.4,148,32,No
1941,Camila,Vargas Morales,F,18,Ibarra,Matutina,Tercero,17.8,17.0,18.0,19.7,16.7,19.2,18.07,88.1,159,21,Sí
1942,Carlos,Cruz Torres,M,18,Esmeraldas,Vespertina,Tercero,7.4,8.3,9.4,7.4,9.6,8.0,8.35,73.0,131,49,No
1943,Lucía,Ramírez Rodríguez,F,15,Santo Domingo,Vespertina,Tercero,18.1,17.4,16.6,18.5,17.5,17.4,17.58,87.5,158,22,Sí
1944,Carolina,Romero Rodríguez,F,18,Quito,Vespertina,Primero,11.3,14.0,9.8,12.5,9.1,13.0,11.62,73.6,132,48,No
1945,Fernando,Ríos Mendoza,M,18,Loja,Vespertina,Segundo,9.4,10.5,9.9,9.8,8.9,9.4,9.65,84.6,152,28,No
1946,Daniela,Flores Herrera,F,15,Santo Domingo,Matutina,Primero,17.0,15.5,16.9,16.8,12.1,16.9,15.87,99.0,178,2,Sí
1947,Mateo,Herrera García,M,15,Santo Domingo,Matutina,Segundo,16.5,17.1,18.0,19.4,16.8,18.3,17.68,95.6,172,8,Sí
1948,Camila,Castillo Díaz,F,15,Cuenca,Matutina,Primero,12.8,9.8,14.4,12.3,11.7,14.0,12.5,77.7,140,40,No
1949,Valentina,Flores Mendoza,F,18,Cuenca,Vespertina,Tercero,14.3,14.1,15.6,14.9,13.9,15.6,14.73,78.8,142,38,Sí
1950,Esteban,Torres Medina,M,17,Loja,Vespertina,Segundo,14.4,12.6,19.1,17.0,16.6,16.9,16.1,85.8,154,26,Sí
1951,Lucía,Ramírez Mora,F,17,Esmeraldas,Vespertina,Segundo,14.4,13.9,15.2,16.0,14.0,17.0,15.08,93.7,169,11,Sí
1952,María,Soto Reyes,F,17,Quito,Vespertina,Tercero,13.8,17.7,16.5,17.1,17.5,16.7,16.55,84.1,151,29,Sí
1953,Paola,Flores Flores,F,18,Ibarra,Vespertina,Primero,9.7,8.9,10.5,12.3,12.3,11.5,10.87,95.4,172,8,No
1954,Mateo,Reyes García,M,18,Santo Domingo,Vespertina,Tercero,14.7,15.3,17.0,16.2,15.0,16.0,15.7,90.0,162,18,Sí
1955,David,Herrera Soto,M,18,Quito,Matutina,Tercero,13.6,14.8,13.0,14.8,11.9,10.4,13.08,91.1,164,16,No
1956,Rebeca,García Hernández,F,16,Cuenca,Matutina,Tercero,6.0,10.1,8.4,8.2,7.0,10.2,8.32,63.6,114,66,No
1957,María,Mora Aguilar,F,15,Loja,Matutina,Primero,17.3,17.0,17.2,16.2,15.2,16.6,16.58,78.5,141,39,Sí
1958,Alejandro,Hernández Aguilar,M,15,Ibarra,Matutina,Tercero,11.1,13.0,11.3,13.4,11.0,11.5,11.88,75.3,136,44,No
1959,Karina,González Rodríguez,F,15,Loja,Matutina,Primero,11.4,12.5,12.6,12.5,13.4,13.7,12.68,88.4,159,21,No
1960,Melissa,Aguilar Ramírez,F,16,Santo Domingo,Matutina,Segundo,11.7,13.8,10.7,12.6,13.4,11.7,12.32,93.3,168,12,No
1961,Alejandro,Pérez González,M,16,Ibarra,Matutina,Primero,11.0,10.5,12.0,10.6,10.9,10.8,10.97,78.8,142,38,No
1962,Camila,Aguilar Núñez,F,17,Santo Domingo,Vespertina,Primero,12.4,11.0,11.8,12.0,9.5,13.7,11.73,81.3,146,34,No
1963,Natalia,Hernández Morales,F,18,Ambato,Vespertina,Tercero,14.6,15.9,13.0,16.0,15.2,17.7,15.4,90.5,163,17,Sí
1964,Andrea,Díaz Cruz,F,18,Santo Domingo,Matutina,Segundo,12.6,12.0,9.0,10.8,10.9,11.2,11.08,78.5,141,39,No
1965,Gabriel,González Vargas,M,16,Riobamba,Matutina,Tercero,15.6,15.7,16.8,17.1,14.9,19.4,16.58,95.3,172,8,Sí
1966,Ana,Díaz Jiménez,F,18,Ibarra,Matutina,Primero,17.4,16.7,14.8,15.0,18.3,16.3,16.42,83.5,150,30,Sí
1967,Miguel,Álvarez Romero,M,16,Guayaquil,Matutina,Segundo,14.1,14.5,13.2,14.5,12.5,13.4,13.7,83.6,150,30,No
1968,Gabriel,Castillo Herrera,M,17,Ibarra,Matutina,Tercero,11.7,15.6,14.5,14.8,12.2,15.1,13.98,75.1,135,45,No
1969,Nicolás,Hernández Martínez,M,18,Santo Domingo,Matutina,Tercero,18.3,16.8,17.0,18.4,17.3,20.0,17.97,82.4,148,32,Sí
1970,Melissa,Medina González,F,17,Riobamba,Matutina,Tercero,15.1,13.4,14.6,14.1,11.8,13.1,13.68,83.7,151,29,No
1971,Daniel,Castillo Aguilar,M,17,Quito,Matutina,Primero,12.8,14.1,12.7,12.4,14.1,16.0,13.68,78.0,140,40,No
1972,Luis,López García,M,16,Esmeraldas,Vespertina,Segundo,13.0,10.3,9.7,12.0,10.2,10.7,10.98,83.9,151,29,No
1973,Gabriel,Reyes Díaz,M,18,Manta,Vespertina,Primero,11.6,13.5,11.7,11.3,12.0,11.5,11.93,84.4,152,28,No
1974,Lucía,Rodríguez Morales,F,16,Santo Domingo,Vespertina,Primero,17.7,15.3,16.3,15.8,16.2,16.3,16.27,78.3,141,39,Sí
1975,Fernando,Ríos Reyes,M,18,Esmeraldas,Vespertina,Segundo,13.2,15.0,17.0,14.4,16.4,16.2,15.37,81.4,147,33,Sí
1976,Lucía,Mendoza Herrera,F,15,Loja,Vespertina,Tercero,17.3,16.4,18.6,18.5,16.3,17.6,17.45,92.8,167,13,Sí
1977,Stephanie,Jiménez Hernández,F,17,Quito,Vespertina,Segundo,18.5,19.9,17.2,18.4,17.6,19.8,18.57,88.7,160,20,Sí
1978,Fernando,Aguilar Romero,M,15,Guayaquil,Matutina,Primero,15.2,15.2,15.2,14.7,15.0,15.9,15.2,80.8,145,35,Sí
1979,Stephanie,Mendoza Castillo,F,17,Esmeraldas,Matutina,Primero,14.5,14.3,13.1,13.7,13.1,14.1,13.8,79.5,143,37,No
1980,David,Medina Mora,M,15,Quito,Matutina,Primero,9.9,9.9,11.8,12.5,12.1,11.1,11.22,84.4,152,28,No
1981,Lucía,Castillo Soto,F,16,Esmeraldas,Vespertina,Tercero,16.9,14.5,16.2,16.5,15.5,15.7,15.88,92.4,166,14,Sí
1982,Melissa,Flores Jiménez,F,15,Manta,Matutina,Tercero,13.7,15.3,15.4,15.3,15.0,13.8,14.75,98.4,177,3,Sí
1983,David,Reyes López,M,18,Cuenca,Vespertina,Segundo,11.4,13.4,13.4,14.6,13.7,13.9,13.4,70.6,127,53,No
1984,Karina,Mora Vargas,F,18,Esmeraldas,Vespertina,Segundo,15.5,17.1,13.7,16.3,16.0,13.9,15.42,87.2,157,23,Sí
1985,Esteban,Medina Pérez,M,18,Quito,Vespertina,Tercero,12.5,15.3,12.6,17.9,15.6,15.1,14.83,86.2,155,25,Sí
1986,Diego,González Soto,M,17,Ibarra,Vespertina,Segundo,18.4,19.7,19.2,18.1,16.9,20.0,18.72,97.2,175,5,Sí
1987,Camila,Medina González,F,16,Quito,Vespertina,Primero,14.4,14.4,15.2,15.8,14.5,16.8,15.18,84.5,152,28,Sí
1988,Fernando,Ortiz Mora,M,17,Ambato,Matutina,Primero,15.2,16.5,14.1,13.5,16.3,14.9,15.08,88.5,159,21,Sí
1989,Isabella,Flores Flores,F,18,Loja,Vespertina,Primero,14.9,12.1,15.0,15.0,13.8,16.3,14.52,74.2,134,46,Sí
1990,Mariana,Vega Ríos,F,15,Riobamba,Vespertina,Primero,13.2,16.8,13.1,16.7,13.5,16.3,14.93,87.1,157,23,Sí
1991,Sofía,Vargas Mora,F,15,Cuenca,Matutina,Segundo,18.5,19.1,18.1,16.4,15.2,17.3,17.43,100.0,180,0,Sí
1992,Paola,Romero Mora,F,17,Cuenca,Matutina,Tercero,17.4,12.7,15.4,16.1,15.8,17.2,15.77,82.1,148,32,Sí
1993,Gabriel,Castillo Castillo,M,18,Guayaquil,Matutina,Primero,9.7,7.4,10.3,11.5,8.7,11.7,9.88,76.0,137,43,No
1994,Mariana,Jiménez González,F,18,Ibarra,Vespertina,Primero,16.8,18.8,18.2,15.4,17.9,18.6,17.62,77.2,139,41,Sí
1995,Mariana,Torres Soto,F,17,Santo Domingo,Matutina,Tercero,14.6,14.1,11.8,13.8,13.4,16.5,14.03,88.9,160,20,Sí
1996,Valeria,Torres Díaz,F,18,Cuenca,Matutina,Tercero,11.6,12.0,11.1,9.4,9.9,10.8,10.8,80.1,144,36,No
1997,Rebeca,Cruz Pérez,F,15,Cuenca,Vespertina,Primero,15.7,14.2,17.0,17.3,16.4,14.7,15.88,89.0,160,20,Sí
1998,David,Martínez Vega,M,16,Loja,Vespertina,Segundo,13.4,15.2,12.3,13.0,12.2,11.7,12.97,87.0,157,23,No
1999,Ana,Flores Rodríguez,F,15,Riobamba,Vespertina,Tercero,6.0,8.5,8.1,10.7,7.2,8.1,8.1,69.2,125,55,No
2000,Pablo,Jiménez Soto,M,17,Riobamba,Matutina,Segundo,17.1,16.2,15.1,14.4,15.9,15.8,15.75,87.5,158,22,Sí
